tag,species,treatment,grid,site,plot
501,vulmic,A,26,RES,501
1501,brohor,A,26,RES,501
1,miccal,A,26,RES,501
1501,plaere,A,26,RES,501
502,vulmic,B,26,RES,501
1502,brohor,B,26,RES,501
2,miccal,B,26,RES,501
1502,plaere,B,26,RES,501
503,vulmic,A,26,RES,503
1503,brohor,A,26,RES,503
3,miccal,A,26,RES,503
1503,plaere,A,26,RES,503
504,vulmic,B,26,RES,503
1504,brohor,B,26,RES,503
4,miccal,B,26,RES,503
1504,plaere,B,26,RES,503
505,vulmic,A,26,RES,505
1505,brohor,A,26,RES,505
5,miccal,A,26,RES,505
1505,plaere,A,26,RES,505
506,vulmic,B,26,RES,505
1506,brohor,B,26,RES,505
6,miccal,B,26,RES,505
1506,plaere,B,26,RES,505
507,vulmic,A,26,RES,507
1507,brohor,A,26,RES,507
7,miccal,A,26,RES,507
1507,plaere,A,26,RES,507
508,vulmic,B,26,RES,507
1508,brohor,B,26,RES,507
8,miccal,B,26,RES,507
1508,plaere,B,26,RES,507
509,vulmic,A,26,RES,509
1509,brohor,A,26,RES,509
9,miccal,A,26,RES,509
1509,plaere,A,26,RES,509
510,vulmic,B,26,RES,509
1510,brohor,B,26,RES,509
10,miccal,B,26,RES,509
1510,plaere,B,26,RES,509
511,vulmic,A,26,RES,511
1511,brohor,A,26,RES,511
11,miccal,A,26,RES,511
1511,plaere,A,26,RES,511
512,vulmic,B,26,RES,511
1512,brohor,B,26,RES,511
12,miccal,B,26,RES,511
1512,plaere,B,26,RES,511
513,vulmic,A,26,RES,513
1513,brohor,A,26,RES,513
13,miccal,A,26,RES,513
1513,plaere,A,26,RES,513
514,vulmic,B,26,RES,513
1514,brohor,B,26,RES,513
14,miccal,B,26,RES,513
1514,plaere,B,26,RES,513
515,vulmic,A,26,RES,515
1515,brohor,A,26,RES,515
15,miccal,A,26,RES,515
1515,plaere,A,26,RES,515
516,vulmic,B,26,RES,515
1516,brohor,B,26,RES,515
16,miccal,B,26,RES,515
1516,plaere,B,26,RES,515
517,vulmic,A,26,RES,517
1517,brohor,A,26,RES,517
17,miccal,A,26,RES,517
1517,plaere,A,26,RES,517
518,vulmic,B,26,RES,517
1518,brohor,B,26,RES,517
18,miccal,B,26,RES,517
1518,plaere,B,26,RES,517
519,vulmic,A,26,RES,519
1519,brohor,A,26,RES,519
19,miccal,A,26,RES,519
1519,plaere,A,26,RES,519
520,vulmic,B,26,RES,519
1520,brohor,B,26,RES,519
20,miccal,B,26,RES,519
1520,plaere,B,26,RES,519
521,vulmic,A,26,RES,521
1521,brohor,A,26,RES,521
21,miccal,A,26,RES,521
1521,plaere,A,26,RES,521
522,vulmic,B,26,RES,521
1522,brohor,B,26,RES,521
22,miccal,B,26,RES,521
1522,plaere,B,26,RES,521
523,vulmic,A,26,RES,523
1523,brohor,A,26,RES,523
23,miccal,A,26,RES,523
1523,plaere,A,26,RES,523
524,vulmic,B,26,RES,523
1524,brohor,B,26,RES,523
24,miccal,B,26,RES,523
1524,plaere,B,26,RES,523
525,vulmic,A,26,RES,525
1525,brohor,A,26,RES,525
25,miccal,A,26,RES,525
1525,plaere,A,26,RES,525
526,vulmic,B,26,RES,525
1526,brohor,B,26,RES,525
26,miccal,B,26,RES,525
1526,plaere,B,26,RES,525
527,vulmic,A,26,RES,527
1527,brohor,A,26,RES,527
27,miccal,A,26,RES,527
1527,plaere,A,26,RES,527
528,vulmic,B,26,RES,527
1528,brohor,B,26,RES,527
28,miccal,B,26,RES,527
1528,plaere,B,26,RES,527
529,vulmic,A,26,RES,529
1529,brohor,A,26,RES,529
29,miccal,A,26,RES,529
1529,plaere,A,26,RES,529
530,vulmic,B,26,RES,529
1530,brohor,B,26,RES,529
30,miccal,B,26,RES,529
1530,plaere,B,26,RES,529
531,vulmic,A,26,RES,531
1531,brohor,A,26,RES,531
31,miccal,A,26,RES,531
1531,plaere,A,26,RES,531
532,vulmic,B,26,RES,531
1532,brohor,B,26,RES,531
32,miccal,B,26,RES,531
1532,plaere,B,26,RES,531
533,vulmic,A,26,RES,533
1533,brohor,A,26,RES,533
33,miccal,A,26,RES,533
1533,plaere,A,26,RES,533
534,vulmic,B,26,RES,533
1534,brohor,B,26,RES,533
34,miccal,B,26,RES,533
1534,plaere,B,26,RES,533
535,vulmic,A,26,RES,535
1535,brohor,A,26,RES,535
35,miccal,A,26,RES,535
1535,plaere,A,26,RES,535
536,vulmic,B,26,RES,535
1536,brohor,B,26,RES,535
36,miccal,B,26,RES,535
1536,plaere,B,26,RES,535
537,vulmic,A,26,RES,537
1537,brohor,A,26,RES,537
37,miccal,A,26,RES,537
1537,plaere,A,26,RES,537
538,vulmic,B,26,RES,537
1538,brohor,B,26,RES,537
38,miccal,B,26,RES,537
1538,plaere,B,26,RES,537
539,vulmic,A,26,RES,539
1539,brohor,A,26,RES,539
39,miccal,A,26,RES,539
1539,plaere,A,26,RES,539
540,vulmic,B,26,RES,539
1540,brohor,B,26,RES,539
40,miccal,B,26,RES,539
1540,plaere,B,26,RES,539
541,vulmic,A,26,RES,541
1541,brohor,A,26,RES,541
41,miccal,A,26,RES,541
1541,plaere,A,26,RES,541
542,vulmic,B,26,RES,541
1542,brohor,B,26,RES,541
42,miccal,B,26,RES,541
1542,plaere,B,26,RES,541
543,vulmic,A,26,RES,543
1543,brohor,A,26,RES,543
43,miccal,A,26,RES,543
1543,plaere,A,26,RES,543
544,vulmic,B,26,RES,543
1544,brohor,B,26,RES,543
44,miccal,B,26,RES,543
1544,plaere,B,26,RES,543
545,vulmic,A,26,RES,545
1545,brohor,A,26,RES,545
45,miccal,A,26,RES,545
1545,plaere,A,26,RES,545
546,vulmic,B,26,RES,545
1546,brohor,B,26,RES,545
46,miccal,B,26,RES,545
1546,plaere,B,26,RES,545
547,vulmic,A,26,RES,547
1547,brohor,A,26,RES,547
47,miccal,A,26,RES,547
1547,plaere,A,26,RES,547
548,vulmic,B,26,RES,547
1548,brohor,B,26,RES,547
48,miccal,B,26,RES,547
1548,plaere,B,26,RES,547
549,vulmic,A,26,RES,549
1549,brohor,A,26,RES,549
49,miccal,A,26,RES,549
1549,plaere,A,26,RES,549
550,vulmic,B,26,RES,549
1550,brohor,B,26,RES,549
50,miccal,B,26,RES,549
1550,plaere,B,26,RES,549
901,vulmic,A,27,RES,901
1401,brohor,A,27,RES,901
401,miccal,A,27,RES,901
1401,plaere,A,27,RES,901
902,vulmic,B,27,RES,901
1402,brohor,B,27,RES,901
402,miccal,B,27,RES,901
1402,plaere,B,27,RES,901
903,vulmic,A,27,RES,903
1403,brohor,A,27,RES,903
403,miccal,A,27,RES,903
1403,plaere,A,27,RES,903
904,vulmic,B,27,RES,903
1404,brohor,B,27,RES,903
404,miccal,B,27,RES,903
1404,plaere,B,27,RES,903
905,vulmic,A,27,RES,905
1405,brohor,A,27,RES,905
405,miccal,A,27,RES,905
1405,plaere,A,27,RES,905
906,vulmic,B,27,RES,905
1406,brohor,B,27,RES,905
406,miccal,B,27,RES,905
1406,plaere,B,27,RES,905
907,vulmic,A,27,RES,907
1407,brohor,A,27,RES,907
407,miccal,A,27,RES,907
1407,plaere,A,27,RES,907
908,vulmic,B,27,RES,907
1408,brohor,B,27,RES,907
408,miccal,B,27,RES,907
1408,plaere,B,27,RES,907
909,vulmic,A,27,RES,909
1409,brohor,A,27,RES,909
409,miccal,A,27,RES,909
1409,plaere,A,27,RES,909
910,vulmic,B,27,RES,909
1410,brohor,B,27,RES,909
410,miccal,B,27,RES,909
1410,plaere,B,27,RES,909
911,vulmic,A,27,RES,911
1411,brohor,A,27,RES,911
411,miccal,A,27,RES,911
1411,plaere,A,27,RES,911
912,vulmic,B,27,RES,911
1412,brohor,B,27,RES,911
412,miccal,B,27,RES,911
1412,plaere,B,27,RES,911
913,vulmic,A,27,RES,913
1413,brohor,A,27,RES,913
413,miccal,A,27,RES,913
1413,plaere,A,27,RES,913
914,vulmic,B,27,RES,913
1414,brohor,B,27,RES,913
414,miccal,B,27,RES,913
1414,plaere,B,27,RES,913
915,vulmic,A,27,RES,915
1415,brohor,A,27,RES,915
415,miccal,A,27,RES,915
1415,plaere,A,27,RES,915
916,vulmic,B,27,RES,915
1416,brohor,B,27,RES,915
416,miccal,B,27,RES,915
1416,plaere,B,27,RES,915
917,vulmic,A,27,RES,917
1417,brohor,A,27,RES,917
417,miccal,A,27,RES,917
1417,plaere,A,27,RES,917
918,vulmic,B,27,RES,917
1418,brohor,B,27,RES,917
418,miccal,B,27,RES,917
1418,plaere,B,27,RES,917
919,vulmic,A,27,RES,919
1419,brohor,A,27,RES,919
419,miccal,A,27,RES,919
1419,plaere,A,27,RES,919
920,vulmic,B,27,RES,919
1420,brohor,B,27,RES,919
420,miccal,B,27,RES,919
1420,plaere,B,27,RES,919
921,vulmic,A,27,RES,921
1421,brohor,A,27,RES,921
421,miccal,A,27,RES,921
1421,plaere,A,27,RES,921
922,vulmic,B,27,RES,921
1422,brohor,B,27,RES,921
422,miccal,B,27,RES,921
1422,plaere,B,27,RES,921
923,vulmic,A,27,RES,923
1423,brohor,A,27,RES,923
423,miccal,A,27,RES,923
1423,plaere,A,27,RES,923
924,vulmic,B,27,RES,923
1424,brohor,B,27,RES,923
424,miccal,B,27,RES,923
1424,plaere,B,27,RES,923
925,vulmic,A,27,RES,925
1425,brohor,A,27,RES,925
425,miccal,A,27,RES,925
1425,plaere,A,27,RES,925
926,vulmic,B,27,RES,925
1426,brohor,B,27,RES,925
426,miccal,B,27,RES,925
1426,plaere,B,27,RES,925
927,vulmic,A,27,RES,927
1427,brohor,A,27,RES,927
427,miccal,A,27,RES,927
1427,plaere,A,27,RES,927
928,vulmic,B,27,RES,927
1428,brohor,B,27,RES,927
428,miccal,B,27,RES,927
1428,plaere,B,27,RES,927
929,vulmic,A,27,RES,929
1429,brohor,A,27,RES,929
429,miccal,A,27,RES,929
1429,plaere,A,27,RES,929
930,vulmic,B,27,RES,929
1430,brohor,B,27,RES,929
430,miccal,B,27,RES,929
1430,plaere,B,27,RES,929
931,vulmic,A,27,RES,931
1431,brohor,A,27,RES,931
431,miccal,A,27,RES,931
1431,plaere,A,27,RES,931
932,vulmic,B,27,RES,931
1432,brohor,B,27,RES,931
432,miccal,B,27,RES,931
1432,plaere,B,27,RES,931
933,vulmic,A,27,RES,933
1433,brohor,A,27,RES,933
433,miccal,A,27,RES,933
1433,plaere,A,27,RES,933
934,vulmic,B,27,RES,933
1434,brohor,B,27,RES,933
434,miccal,B,27,RES,933
1434,plaere,B,27,RES,933
935,vulmic,A,27,RES,935
1435,brohor,A,27,RES,935
435,miccal,A,27,RES,935
1435,plaere,A,27,RES,935
936,vulmic,B,27,RES,935
1436,brohor,B,27,RES,935
436,miccal,B,27,RES,935
1436,plaere,B,27,RES,935
937,vulmic,A,27,RES,937
1437,brohor,A,27,RES,937
437,miccal,A,27,RES,937
1437,plaere,A,27,RES,937
938,vulmic,B,27,RES,937
1438,brohor,B,27,RES,937
438,miccal,B,27,RES,937
1438,plaere,B,27,RES,937
939,vulmic,A,27,RES,939
1439,brohor,A,27,RES,939
439,miccal,A,27,RES,939
1439,plaere,A,27,RES,939
940,vulmic,B,27,RES,939
1440,brohor,B,27,RES,939
440,miccal,B,27,RES,939
1440,plaere,B,27,RES,939
941,vulmic,A,27,RES,941
1441,brohor,A,27,RES,941
441,miccal,A,27,RES,941
1441,plaere,A,27,RES,941
942,vulmic,B,27,RES,941
1442,brohor,B,27,RES,941
442,miccal,B,27,RES,941
1442,plaere,B,27,RES,941
943,vulmic,A,27,RES,943
1443,brohor,A,27,RES,943
443,miccal,A,27,RES,943
1443,plaere,A,27,RES,943
944,vulmic,B,27,RES,943
1444,brohor,B,27,RES,943
444,miccal,B,27,RES,943
1444,plaere,B,27,RES,943
945,vulmic,A,27,RES,945
1445,brohor,A,27,RES,945
445,miccal,A,27,RES,945
1445,plaere,A,27,RES,945
946,vulmic,B,27,RES,945
1446,brohor,B,27,RES,945
446,miccal,B,27,RES,945
1446,plaere,B,27,RES,945
947,vulmic,A,27,RES,947
1447,brohor,A,27,RES,947
447,miccal,A,27,RES,947
1447,plaere,A,27,RES,947
948,vulmic,B,27,RES,947
1448,brohor,B,27,RES,947
448,miccal,B,27,RES,947
1448,plaere,B,27,RES,947
949,vulmic,A,27,RES,949
1449,brohor,A,27,RES,949
449,miccal,A,27,RES,949
1449,plaere,A,27,RES,949
950,vulmic,B,27,RES,949
1450,brohor,B,27,RES,949
450,miccal,B,27,RES,949
1450,plaere,B,27,RES,949
951,vulmic,A,28,RES,951
1451,brohor,A,28,RES,951
451,miccal,A,28,RES,951
1451,plaere,A,28,RES,951
952,vulmic,B,28,RES,951
1452,brohor,B,28,RES,951
452,miccal,B,28,RES,951
1452,plaere,B,28,RES,951
953,vulmic,A,28,RES,953
1453,brohor,A,28,RES,953
453,miccal,A,28,RES,953
1453,plaere,A,28,RES,953
954,vulmic,B,28,RES,953
1454,brohor,B,28,RES,953
454,miccal,B,28,RES,953
1454,plaere,B,28,RES,953
955,vulmic,A,28,RES,955
1455,brohor,A,28,RES,955
455,miccal,A,28,RES,955
1455,plaere,A,28,RES,955
956,vulmic,B,28,RES,955
1456,brohor,B,28,RES,955
456,miccal,B,28,RES,955
1456,plaere,B,28,RES,955
957,vulmic,A,28,RES,957
1457,brohor,A,28,RES,957
457,miccal,A,28,RES,957
1457,plaere,A,28,RES,957
958,vulmic,B,28,RES,957
1458,brohor,B,28,RES,957
458,miccal,B,28,RES,957
1458,plaere,B,28,RES,957
959,vulmic,A,28,RES,959
1459,brohor,A,28,RES,959
459,miccal,A,28,RES,959
1459,plaere,A,28,RES,959
960,vulmic,B,28,RES,959
1460,brohor,B,28,RES,959
460,miccal,B,28,RES,959
1460,plaere,B,28,RES,959
961,vulmic,A,28,RES,961
1461,brohor,A,28,RES,961
461,miccal,A,28,RES,961
1461,plaere,A,28,RES,961
962,vulmic,B,28,RES,961
1462,brohor,B,28,RES,961
462,miccal,B,28,RES,961
1462,plaere,B,28,RES,961
963,vulmic,A,28,RES,963
1463,brohor,A,28,RES,963
463,miccal,A,28,RES,963
1463,plaere,A,28,RES,963
964,vulmic,B,28,RES,963
1464,brohor,B,28,RES,963
464,miccal,B,28,RES,963
1464,plaere,B,28,RES,963
965,vulmic,A,28,RES,965
1465,brohor,A,28,RES,965
465,miccal,A,28,RES,965
1465,plaere,A,28,RES,965
966,vulmic,B,28,RES,965
1466,brohor,B,28,RES,965
466,miccal,B,28,RES,965
1466,plaere,B,28,RES,965
967,vulmic,A,28,RES,967
1467,brohor,A,28,RES,967
467,miccal,A,28,RES,967
1467,plaere,A,28,RES,967
968,vulmic,B,28,RES,967
1468,brohor,B,28,RES,967
468,miccal,B,28,RES,967
1468,plaere,B,28,RES,967
969,vulmic,A,28,RES,969
1469,brohor,A,28,RES,969
469,miccal,A,28,RES,969
1469,plaere,A,28,RES,969
970,vulmic,B,28,RES,969
1470,brohor,B,28,RES,969
470,miccal,B,28,RES,969
1470,plaere,B,28,RES,969
971,vulmic,A,28,RES,971
1471,brohor,A,28,RES,971
471,miccal,A,28,RES,971
1471,plaere,A,28,RES,971
972,vulmic,B,28,RES,971
1472,brohor,B,28,RES,971
472,miccal,B,28,RES,971
1472,plaere,B,28,RES,971
973,vulmic,A,28,RES,973
1473,brohor,A,28,RES,973
473,miccal,A,28,RES,973
1473,plaere,A,28,RES,973
974,vulmic,B,28,RES,973
1474,brohor,B,28,RES,973
474,miccal,B,28,RES,973
1474,plaere,B,28,RES,973
975,vulmic,A,28,RES,975
1475,brohor,A,28,RES,975
475,miccal,A,28,RES,975
1475,plaere,A,28,RES,975
976,vulmic,B,28,RES,975
1476,brohor,B,28,RES,975
476,miccal,B,28,RES,975
1476,plaere,B,28,RES,975
977,vulmic,A,28,RES,977
1477,brohor,A,28,RES,977
477,miccal,A,28,RES,977
1477,plaere,A,28,RES,977
978,vulmic,B,28,RES,977
1478,brohor,B,28,RES,977
478,miccal,B,28,RES,977
1478,plaere,B,28,RES,977
979,vulmic,A,28,RES,979
1479,brohor,A,28,RES,979
479,miccal,A,28,RES,979
1479,plaere,A,28,RES,979
980,vulmic,B,28,RES,979
1480,brohor,B,28,RES,979
480,miccal,B,28,RES,979
1480,plaere,B,28,RES,979
981,vulmic,A,28,RES,981
1481,brohor,A,28,RES,981
481,miccal,A,28,RES,981
1481,plaere,A,28,RES,981
982,vulmic,B,28,RES,981
1482,brohor,B,28,RES,981
482,miccal,B,28,RES,981
1482,plaere,B,28,RES,981
983,vulmic,A,28,RES,983
1483,brohor,A,28,RES,983
483,miccal,A,28,RES,983
1483,plaere,A,28,RES,983
984,vulmic,B,28,RES,983
1484,brohor,B,28,RES,983
484,miccal,B,28,RES,983
1484,plaere,B,28,RES,983
985,vulmic,A,28,RES,985
1485,brohor,A,28,RES,985
485,miccal,A,28,RES,985
1485,plaere,A,28,RES,985
986,vulmic,B,28,RES,985
1486,brohor,B,28,RES,985
486,miccal,B,28,RES,985
1486,plaere,B,28,RES,985
987,vulmic,A,28,RES,987
1487,brohor,A,28,RES,987
487,miccal,A,28,RES,987
1487,plaere,A,28,RES,987
988,vulmic,B,28,RES,987
1488,brohor,B,28,RES,987
488,miccal,B,28,RES,987
1488,plaere,B,28,RES,987
989,vulmic,A,28,RES,989
1489,brohor,A,28,RES,989
489,miccal,A,28,RES,989
1489,plaere,A,28,RES,989
990,vulmic,B,28,RES,989
1490,brohor,B,28,RES,989
490,miccal,B,28,RES,989
1490,plaere,B,28,RES,989
991,vulmic,A,28,RES,991
1491,brohor,A,28,RES,991
491,miccal,A,28,RES,991
1491,plaere,A,28,RES,991
992,vulmic,B,28,RES,991
1492,brohor,B,28,RES,991
492,miccal,B,28,RES,991
1492,plaere,B,28,RES,991
993,vulmic,A,28,RES,993
1493,brohor,A,28,RES,993
493,miccal,A,28,RES,993
1493,plaere,A,28,RES,993
994,vulmic,B,28,RES,993
1494,brohor,B,28,RES,993
494,miccal,B,28,RES,993
1494,plaere,B,28,RES,993
995,vulmic,A,28,RES,995
1495,brohor,A,28,RES,995
495,miccal,A,28,RES,995
1495,plaere,A,28,RES,995
996,vulmic,B,28,RES,995
1496,brohor,B,28,RES,995
496,miccal,B,28,RES,995
1496,plaere,B,28,RES,995
997,vulmic,A,28,RES,997
1497,brohor,A,28,RES,997
497,miccal,A,28,RES,997
1497,plaere,A,28,RES,997
998,vulmic,B,28,RES,997
1498,brohor,B,28,RES,997
498,miccal,B,28,RES,997
1498,plaere,B,28,RES,997
999,vulmic,A,28,RES,999
1499,brohor,A,28,RES,999
499,miccal,A,28,RES,999
1499,plaere,A,28,RES,999
1000,vulmic,B,28,RES,999
1500,brohor,B,28,RES,999
500,miccal,B,28,RES,999
1500,plaere,B,28,RES,999
501,vulmic,A,1,TAIL,501
1501,brohor,A,1,TAIL,501
501,miccal,A,1,TAIL,501
1501,plaere,A,1,TAIL,501
502,vulmic,B,1,TAIL,501
1502,brohor,B,1,TAIL,501
502,miccal,B,1,TAIL,501
1502,plaere,B,1,TAIL,501
503,vulmic,A,1,TAIL,503
1503,brohor,A,1,TAIL,503
503,miccal,A,1,TAIL,503
1503,plaere,A,1,TAIL,503
504,vulmic,B,1,TAIL,503
1504,brohor,B,1,TAIL,503
504,miccal,B,1,TAIL,503
1504,plaere,B,1,TAIL,503
505,vulmic,A,1,TAIL,505
1505,brohor,A,1,TAIL,505
505,miccal,A,1,TAIL,505
1505,plaere,A,1,TAIL,505
506,vulmic,B,1,TAIL,505
1506,brohor,B,1,TAIL,505
506,miccal,B,1,TAIL,505
1506,plaere,B,1,TAIL,505
507,vulmic,A,1,TAIL,507
1507,brohor,A,1,TAIL,507
507,miccal,A,1,TAIL,507
1507,plaere,A,1,TAIL,507
508,vulmic,B,1,TAIL,507
1508,brohor,B,1,TAIL,507
508,miccal,B,1,TAIL,507
1508,plaere,B,1,TAIL,507
509,vulmic,A,1,TAIL,509
1509,brohor,A,1,TAIL,509
509,miccal,A,1,TAIL,509
1509,plaere,A,1,TAIL,509
510,vulmic,B,1,TAIL,509
1510,brohor,B,1,TAIL,509
510,miccal,B,1,TAIL,509
1510,plaere,B,1,TAIL,509
511,vulmic,A,1,TAIL,511
1511,brohor,A,1,TAIL,511
511,miccal,A,1,TAIL,511
1511,plaere,A,1,TAIL,511
512,vulmic,B,1,TAIL,511
1512,brohor,B,1,TAIL,511
512,miccal,B,1,TAIL,511
1512,plaere,B,1,TAIL,511
513,vulmic,A,1,TAIL,513
1513,brohor,A,1,TAIL,513
513,miccal,A,1,TAIL,513
1513,plaere,A,1,TAIL,513
514,vulmic,B,1,TAIL,513
1514,brohor,B,1,TAIL,513
514,miccal,B,1,TAIL,513
1514,plaere,B,1,TAIL,513
515,vulmic,A,1,TAIL,515
1515,brohor,A,1,TAIL,515
515,miccal,A,1,TAIL,515
1515,plaere,A,1,TAIL,515
516,vulmic,B,1,TAIL,515
1516,brohor,B,1,TAIL,515
516,miccal,B,1,TAIL,515
1516,plaere,B,1,TAIL,515
517,vulmic,A,1,TAIL,517
1517,brohor,A,1,TAIL,517
517,miccal,A,1,TAIL,517
1517,plaere,A,1,TAIL,517
518,vulmic,B,1,TAIL,517
1518,brohor,B,1,TAIL,517
518,miccal,B,1,TAIL,517
1518,plaere,B,1,TAIL,517
519,vulmic,A,1,TAIL,519
1519,brohor,A,1,TAIL,519
519,miccal,A,1,TAIL,519
1519,plaere,A,1,TAIL,519
520,vulmic,B,1,TAIL,519
1520,brohor,B,1,TAIL,519
520,miccal,B,1,TAIL,519
1520,plaere,B,1,TAIL,519
521,vulmic,A,1,TAIL,521
1521,brohor,A,1,TAIL,521
521,miccal,A,1,TAIL,521
1521,plaere,A,1,TAIL,521
522,vulmic,B,1,TAIL,521
1522,brohor,B,1,TAIL,521
522,miccal,B,1,TAIL,521
1522,plaere,B,1,TAIL,521
523,vulmic,A,1,TAIL,523
1523,brohor,A,1,TAIL,523
523,miccal,A,1,TAIL,523
1523,plaere,A,1,TAIL,523
524,vulmic,B,1,TAIL,523
1524,brohor,B,1,TAIL,523
524,miccal,B,1,TAIL,523
1524,plaere,B,1,TAIL,523
525,vulmic,A,1,TAIL,525
1525,brohor,A,1,TAIL,525
525,miccal,A,1,TAIL,525
1525,plaere,A,1,TAIL,525
526,vulmic,B,1,TAIL,525
1526,brohor,B,1,TAIL,525
526,miccal,B,1,TAIL,525
1526,plaere,B,1,TAIL,525
527,vulmic,A,1,TAIL,527
1527,brohor,A,1,TAIL,527
527,miccal,A,1,TAIL,527
1527,plaere,A,1,TAIL,527
528,vulmic,B,1,TAIL,527
1528,brohor,B,1,TAIL,527
528,miccal,B,1,TAIL,527
1528,plaere,B,1,TAIL,527
529,vulmic,A,1,TAIL,529
1529,brohor,A,1,TAIL,529
529,miccal,A,1,TAIL,529
1529,plaere,A,1,TAIL,529
530,vulmic,B,1,TAIL,529
1530,brohor,B,1,TAIL,529
530,miccal,B,1,TAIL,529
1530,plaere,B,1,TAIL,529
531,vulmic,A,1,TAIL,531
1531,brohor,A,1,TAIL,531
531,miccal,A,1,TAIL,531
1531,plaere,A,1,TAIL,531
532,vulmic,B,1,TAIL,531
1532,brohor,B,1,TAIL,531
532,miccal,B,1,TAIL,531
1532,plaere,B,1,TAIL,531
533,vulmic,A,1,TAIL,533
1533,brohor,A,1,TAIL,533
533,miccal,A,1,TAIL,533
1533,plaere,A,1,TAIL,533
534,vulmic,B,1,TAIL,533
1534,brohor,B,1,TAIL,533
534,miccal,B,1,TAIL,533
1534,plaere,B,1,TAIL,533
535,vulmic,A,1,TAIL,535
1535,brohor,A,1,TAIL,535
535,miccal,A,1,TAIL,535
1535,plaere,A,1,TAIL,535
536,vulmic,B,1,TAIL,535
1536,brohor,B,1,TAIL,535
536,miccal,B,1,TAIL,535
1536,plaere,B,1,TAIL,535
537,vulmic,A,1,TAIL,537
1537,brohor,A,1,TAIL,537
537,miccal,A,1,TAIL,537
1537,plaere,A,1,TAIL,537
538,vulmic,B,1,TAIL,537
1538,brohor,B,1,TAIL,537
538,miccal,B,1,TAIL,537
1538,plaere,B,1,TAIL,537
539,vulmic,A,1,TAIL,539
1539,brohor,A,1,TAIL,539
539,miccal,A,1,TAIL,539
1539,plaere,A,1,TAIL,539
540,vulmic,B,1,TAIL,539
1540,brohor,B,1,TAIL,539
540,miccal,B,1,TAIL,539
1540,plaere,B,1,TAIL,539
541,vulmic,A,1,TAIL,541
1541,brohor,A,1,TAIL,541
541,miccal,A,1,TAIL,541
1541,plaere,A,1,TAIL,541
542,vulmic,B,1,TAIL,541
1542,brohor,B,1,TAIL,541
542,miccal,B,1,TAIL,541
1542,plaere,B,1,TAIL,541
543,vulmic,A,1,TAIL,543
1543,brohor,A,1,TAIL,543
543,miccal,A,1,TAIL,543
1543,plaere,A,1,TAIL,543
544,vulmic,B,1,TAIL,543
1544,brohor,B,1,TAIL,543
544,miccal,B,1,TAIL,543
1544,plaere,B,1,TAIL,543
545,vulmic,A,1,TAIL,545
1545,brohor,A,1,TAIL,545
545,miccal,A,1,TAIL,545
1545,plaere,A,1,TAIL,545
546,vulmic,B,1,TAIL,545
1546,brohor,B,1,TAIL,545
546,miccal,B,1,TAIL,545
1546,plaere,B,1,TAIL,545
547,vulmic,A,1,TAIL,547
1547,brohor,A,1,TAIL,547
547,miccal,A,1,TAIL,547
1547,plaere,A,1,TAIL,547
548,vulmic,B,1,TAIL,547
1548,brohor,B,1,TAIL,547
548,miccal,B,1,TAIL,547
1548,plaere,B,1,TAIL,547
549,vulmic,A,1,TAIL,549
1549,brohor,A,1,TAIL,549
549,miccal,A,1,TAIL,549
1549,plaere,A,1,TAIL,549
550,vulmic,B,1,TAIL,549
1550,brohor,B,1,TAIL,549
550,miccal,B,1,TAIL,549
1550,plaere,B,1,TAIL,549
601,vulmic,A,2,TAIL,601
1101,brohor,A,2,TAIL,601
101,miccal,A,2,TAIL,601
1101,plaere,A,2,TAIL,601
602,vulmic,B,2,TAIL,601
1102,brohor,B,2,TAIL,601
102,miccal,B,2,TAIL,601
1102,plaere,B,2,TAIL,601
603,vulmic,A,2,TAIL,603
1103,brohor,A,2,TAIL,603
103,miccal,A,2,TAIL,603
1103,plaere,A,2,TAIL,603
604,vulmic,B,2,TAIL,603
1104,brohor,B,2,TAIL,603
104,miccal,B,2,TAIL,603
1104,plaere,B,2,TAIL,603
605,vulmic,A,2,TAIL,605
1105,brohor,A,2,TAIL,605
105,miccal,A,2,TAIL,605
1105,plaere,A,2,TAIL,605
606,vulmic,B,2,TAIL,605
1106,brohor,B,2,TAIL,605
106,miccal,B,2,TAIL,605
1106,plaere,B,2,TAIL,605
607,vulmic,A,2,TAIL,607
1107,brohor,A,2,TAIL,607
107,miccal,A,2,TAIL,607
1107,plaere,A,2,TAIL,607
608,vulmic,B,2,TAIL,607
1108,brohor,B,2,TAIL,607
108,miccal,B,2,TAIL,607
1108,plaere,B,2,TAIL,607
609,vulmic,A,2,TAIL,609
1109,brohor,A,2,TAIL,609
109,miccal,A,2,TAIL,609
1109,plaere,A,2,TAIL,609
610,vulmic,B,2,TAIL,609
1110,brohor,B,2,TAIL,609
110,miccal,B,2,TAIL,609
1110,plaere,B,2,TAIL,609
611,vulmic,A,2,TAIL,611
1111,brohor,A,2,TAIL,611
111,miccal,A,2,TAIL,611
1111,plaere,A,2,TAIL,611
612,vulmic,B,2,TAIL,611
1112,brohor,B,2,TAIL,611
112,miccal,B,2,TAIL,611
1112,plaere,B,2,TAIL,611
613,vulmic,A,2,TAIL,613
1113,brohor,A,2,TAIL,613
113,miccal,A,2,TAIL,613
1113,plaere,A,2,TAIL,613
614,vulmic,B,2,TAIL,613
1114,brohor,B,2,TAIL,613
114,miccal,B,2,TAIL,613
1114,plaere,B,2,TAIL,613
615,vulmic,A,2,TAIL,615
1115,brohor,A,2,TAIL,615
115,miccal,A,2,TAIL,615
1115,plaere,A,2,TAIL,615
616,vulmic,B,2,TAIL,615
1116,brohor,B,2,TAIL,615
116,miccal,B,2,TAIL,615
1116,plaere,B,2,TAIL,615
617,vulmic,A,2,TAIL,617
1117,brohor,A,2,TAIL,617
117,miccal,A,2,TAIL,617
1117,plaere,A,2,TAIL,617
618,vulmic,B,2,TAIL,617
1118,brohor,B,2,TAIL,617
118,miccal,B,2,TAIL,617
1118,plaere,B,2,TAIL,617
619,vulmic,A,2,TAIL,619
1119,brohor,A,2,TAIL,619
119,miccal,A,2,TAIL,619
1119,plaere,A,2,TAIL,619
620,vulmic,B,2,TAIL,619
1120,brohor,B,2,TAIL,619
120,miccal,B,2,TAIL,619
1120,plaere,B,2,TAIL,619
621,vulmic,A,2,TAIL,621
1121,brohor,A,2,TAIL,621
121,miccal,A,2,TAIL,621
1121,plaere,A,2,TAIL,621
622,vulmic,B,2,TAIL,621
1122,brohor,B,2,TAIL,621
122,miccal,B,2,TAIL,621
1122,plaere,B,2,TAIL,621
623,vulmic,A,2,TAIL,623
1123,brohor,A,2,TAIL,623
123,miccal,A,2,TAIL,623
1123,plaere,A,2,TAIL,623
624,vulmic,B,2,TAIL,623
1124,brohor,B,2,TAIL,623
124,miccal,B,2,TAIL,623
1124,plaere,B,2,TAIL,623
625,vulmic,A,2,TAIL,625
1125,brohor,A,2,TAIL,625
125,miccal,A,2,TAIL,625
1125,plaere,A,2,TAIL,625
626,vulmic,B,2,TAIL,625
1126,brohor,B,2,TAIL,625
126,miccal,B,2,TAIL,625
1126,plaere,B,2,TAIL,625
627,vulmic,A,2,TAIL,627
1127,brohor,A,2,TAIL,627
127,miccal,A,2,TAIL,627
1127,plaere,A,2,TAIL,627
628,vulmic,B,2,TAIL,627
1128,brohor,B,2,TAIL,627
128,miccal,B,2,TAIL,627
1128,plaere,B,2,TAIL,627
629,vulmic,A,2,TAIL,629
1129,brohor,A,2,TAIL,629
129,miccal,A,2,TAIL,629
1129,plaere,A,2,TAIL,629
630,vulmic,B,2,TAIL,629
1130,brohor,B,2,TAIL,629
130,miccal,B,2,TAIL,629
1130,plaere,B,2,TAIL,629
631,vulmic,A,2,TAIL,631
1131,brohor,A,2,TAIL,631
131,miccal,A,2,TAIL,631
1131,plaere,A,2,TAIL,631
632,vulmic,B,2,TAIL,631
1132,brohor,B,2,TAIL,631
132,miccal,B,2,TAIL,631
1132,plaere,B,2,TAIL,631
633,vulmic,A,2,TAIL,633
1133,brohor,A,2,TAIL,633
133,miccal,A,2,TAIL,633
1133,plaere,A,2,TAIL,633
634,vulmic,B,2,TAIL,633
1134,brohor,B,2,TAIL,633
134,miccal,B,2,TAIL,633
1134,plaere,B,2,TAIL,633
635,vulmic,A,2,TAIL,635
1135,brohor,A,2,TAIL,635
135,miccal,A,2,TAIL,635
1135,plaere,A,2,TAIL,635
636,vulmic,B,2,TAIL,635
1136,brohor,B,2,TAIL,635
136,miccal,B,2,TAIL,635
1136,plaere,B,2,TAIL,635
637,vulmic,A,2,TAIL,637
1137,brohor,A,2,TAIL,637
137,miccal,A,2,TAIL,637
1137,plaere,A,2,TAIL,637
638,vulmic,B,2,TAIL,637
1138,brohor,B,2,TAIL,637
138,miccal,B,2,TAIL,637
1138,plaere,B,2,TAIL,637
639,vulmic,A,2,TAIL,639
1139,brohor,A,2,TAIL,639
139,miccal,A,2,TAIL,639
1139,plaere,A,2,TAIL,639
640,vulmic,B,2,TAIL,639
1140,brohor,B,2,TAIL,639
140,miccal,B,2,TAIL,639
1140,plaere,B,2,TAIL,639
641,vulmic,A,2,TAIL,641
1141,brohor,A,2,TAIL,641
141,miccal,A,2,TAIL,641
1141,plaere,A,2,TAIL,641
642,vulmic,B,2,TAIL,641
1142,brohor,B,2,TAIL,641
142,miccal,B,2,TAIL,641
1142,plaere,B,2,TAIL,641
643,vulmic,A,2,TAIL,643
1143,brohor,A,2,TAIL,643
143,miccal,A,2,TAIL,643
1143,plaere,A,2,TAIL,643
644,vulmic,B,2,TAIL,643
1144,brohor,B,2,TAIL,643
144,miccal,B,2,TAIL,643
1144,plaere,B,2,TAIL,643
645,vulmic,A,2,TAIL,645
1145,brohor,A,2,TAIL,645
145,miccal,A,2,TAIL,645
1145,plaere,A,2,TAIL,645
646,vulmic,B,2,TAIL,645
1146,brohor,B,2,TAIL,645
146,miccal,B,2,TAIL,645
1146,plaere,B,2,TAIL,645
647,vulmic,A,2,TAIL,647
1147,brohor,A,2,TAIL,647
147,miccal,A,2,TAIL,647
1147,plaere,A,2,TAIL,647
648,vulmic,B,2,TAIL,647
1148,brohor,B,2,TAIL,647
148,miccal,B,2,TAIL,647
1148,plaere,B,2,TAIL,647
649,vulmic,A,2,TAIL,649
1149,brohor,A,2,TAIL,649
149,miccal,A,2,TAIL,649
1149,plaere,A,2,TAIL,649
650,vulmic,B,2,TAIL,649
1150,brohor,B,2,TAIL,649
150,miccal,B,2,TAIL,649
1150,plaere,B,2,TAIL,649
551,vulmic,A,5,TAIL,551
1551,brohor,A,5,TAIL,551
551,miccal,A,5,TAIL,551
1551,plaere,A,5,TAIL,551
552,vulmic,B,5,TAIL,551
1552,brohor,B,5,TAIL,551
552,miccal,B,5,TAIL,551
1552,plaere,B,5,TAIL,551
553,vulmic,A,5,TAIL,553
1553,brohor,A,5,TAIL,553
553,miccal,A,5,TAIL,553
1553,plaere,A,5,TAIL,553
554,vulmic,B,5,TAIL,553
1554,brohor,B,5,TAIL,553
554,miccal,B,5,TAIL,553
1554,plaere,B,5,TAIL,553
555,vulmic,A,5,TAIL,555
1555,brohor,A,5,TAIL,555
555,miccal,A,5,TAIL,555
1555,plaere,A,5,TAIL,555
556,vulmic,B,5,TAIL,555
1556,brohor,B,5,TAIL,555
556,miccal,B,5,TAIL,555
1556,plaere,B,5,TAIL,555
557,vulmic,A,5,TAIL,557
1557,brohor,A,5,TAIL,557
557,miccal,A,5,TAIL,557
1557,plaere,A,5,TAIL,557
558,vulmic,B,5,TAIL,557
1558,brohor,B,5,TAIL,557
558,miccal,B,5,TAIL,557
1558,plaere,B,5,TAIL,557
559,vulmic,A,5,TAIL,559
1559,brohor,A,5,TAIL,559
559,miccal,A,5,TAIL,559
1559,plaere,A,5,TAIL,559
560,vulmic,B,5,TAIL,559
1560,brohor,B,5,TAIL,559
560,miccal,B,5,TAIL,559
1560,plaere,B,5,TAIL,559
561,vulmic,A,5,TAIL,561
1561,brohor,A,5,TAIL,561
561,miccal,A,5,TAIL,561
1561,plaere,A,5,TAIL,561
562,vulmic,B,5,TAIL,561
1562,brohor,B,5,TAIL,561
562,miccal,B,5,TAIL,561
1562,plaere,B,5,TAIL,561
563,vulmic,A,5,TAIL,563
1563,brohor,A,5,TAIL,563
563,miccal,A,5,TAIL,563
1563,plaere,A,5,TAIL,563
564,vulmic,B,5,TAIL,563
1564,brohor,B,5,TAIL,563
564,miccal,B,5,TAIL,563
1564,plaere,B,5,TAIL,563
565,vulmic,A,5,TAIL,565
1565,brohor,A,5,TAIL,565
565,miccal,A,5,TAIL,565
1565,plaere,A,5,TAIL,565
566,vulmic,B,5,TAIL,565
1566,brohor,B,5,TAIL,565
566,miccal,B,5,TAIL,565
1566,plaere,B,5,TAIL,565
567,vulmic,A,5,TAIL,567
1567,brohor,A,5,TAIL,567
567,miccal,A,5,TAIL,567
1567,plaere,A,5,TAIL,567
568,vulmic,B,5,TAIL,567
1568,brohor,B,5,TAIL,567
568,miccal,B,5,TAIL,567
1568,plaere,B,5,TAIL,567
569,vulmic,A,5,TAIL,569
1569,brohor,A,5,TAIL,569
569,miccal,A,5,TAIL,569
1569,plaere,A,5,TAIL,569
570,vulmic,B,5,TAIL,569
1570,brohor,B,5,TAIL,569
570,miccal,B,5,TAIL,569
1570,plaere,B,5,TAIL,569
571,vulmic,A,5,TAIL,571
1571,brohor,A,5,TAIL,571
571,miccal,A,5,TAIL,571
1571,plaere,A,5,TAIL,571
572,vulmic,B,5,TAIL,571
1572,brohor,B,5,TAIL,571
572,miccal,B,5,TAIL,571
1572,plaere,B,5,TAIL,571
573,vulmic,A,5,TAIL,573
1573,brohor,A,5,TAIL,573
573,miccal,A,5,TAIL,573
1573,plaere,A,5,TAIL,573
574,vulmic,B,5,TAIL,573
1574,brohor,B,5,TAIL,573
574,miccal,B,5,TAIL,573
1574,plaere,B,5,TAIL,573
575,vulmic,A,5,TAIL,575
1575,brohor,A,5,TAIL,575
575,miccal,A,5,TAIL,575
1575,plaere,A,5,TAIL,575
576,vulmic,B,5,TAIL,575
1576,brohor,B,5,TAIL,575
576,miccal,B,5,TAIL,575
1576,plaere,B,5,TAIL,575
577,vulmic,A,5,TAIL,577
1577,brohor,A,5,TAIL,577
577,miccal,A,5,TAIL,577
1577,plaere,A,5,TAIL,577
578,vulmic,B,5,TAIL,577
1578,brohor,B,5,TAIL,577
578,miccal,B,5,TAIL,577
1578,plaere,B,5,TAIL,577
579,vulmic,A,5,TAIL,579
1579,brohor,A,5,TAIL,579
579,miccal,A,5,TAIL,579
1579,plaere,A,5,TAIL,579
580,vulmic,B,5,TAIL,579
1580,brohor,B,5,TAIL,579
580,miccal,B,5,TAIL,579
1580,plaere,B,5,TAIL,579
581,vulmic,A,5,TAIL,581
1581,brohor,A,5,TAIL,581
581,miccal,A,5,TAIL,581
1581,plaere,A,5,TAIL,581
582,vulmic,B,5,TAIL,581
1582,brohor,B,5,TAIL,581
582,miccal,B,5,TAIL,581
1582,plaere,B,5,TAIL,581
583,vulmic,A,5,TAIL,583
1583,brohor,A,5,TAIL,583
583,miccal,A,5,TAIL,583
1583,plaere,A,5,TAIL,583
584,vulmic,B,5,TAIL,583
1584,brohor,B,5,TAIL,583
584,miccal,B,5,TAIL,583
1584,plaere,B,5,TAIL,583
585,vulmic,A,5,TAIL,585
1585,brohor,A,5,TAIL,585
585,miccal,A,5,TAIL,585
1585,plaere,A,5,TAIL,585
586,vulmic,B,5,TAIL,585
1586,brohor,B,5,TAIL,585
586,miccal,B,5,TAIL,585
1586,plaere,B,5,TAIL,585
587,vulmic,A,5,TAIL,587
1587,brohor,A,5,TAIL,587
587,miccal,A,5,TAIL,587
1587,plaere,A,5,TAIL,587
588,vulmic,B,5,TAIL,587
1588,brohor,B,5,TAIL,587
588,miccal,B,5,TAIL,587
1588,plaere,B,5,TAIL,587
589,vulmic,A,5,TAIL,589
1589,brohor,A,5,TAIL,589
589,miccal,A,5,TAIL,589
1589,plaere,A,5,TAIL,589
590,vulmic,B,5,TAIL,589
1590,brohor,B,5,TAIL,589
590,miccal,B,5,TAIL,589
1590,plaere,B,5,TAIL,589
591,vulmic,A,5,TAIL,591
1591,brohor,A,5,TAIL,591
591,miccal,A,5,TAIL,591
1591,plaere,A,5,TAIL,591
592,vulmic,B,5,TAIL,591
1592,brohor,B,5,TAIL,591
592,miccal,B,5,TAIL,591
1592,plaere,B,5,TAIL,591
593,vulmic,A,5,TAIL,593
1593,brohor,A,5,TAIL,593
593,miccal,A,5,TAIL,593
1593,plaere,A,5,TAIL,593
594,vulmic,B,5,TAIL,593
1594,brohor,B,5,TAIL,593
594,miccal,B,5,TAIL,593
1594,plaere,B,5,TAIL,593
595,vulmic,A,5,TAIL,595
1595,brohor,A,5,TAIL,595
595,miccal,A,5,TAIL,595
1595,plaere,A,5,TAIL,595
596,vulmic,B,5,TAIL,595
1596,brohor,B,5,TAIL,595
596,miccal,B,5,TAIL,595
1596,plaere,B,5,TAIL,595
597,vulmic,A,5,TAIL,597
1597,brohor,A,5,TAIL,597
597,miccal,A,5,TAIL,597
1597,plaere,A,5,TAIL,597
598,vulmic,B,5,TAIL,597
1598,brohor,B,5,TAIL,597
598,miccal,B,5,TAIL,597
1598,plaere,B,5,TAIL,597
599,vulmic,A,5,TAIL,599
1599,brohor,A,5,TAIL,599
599,miccal,A,5,TAIL,599
1599,plaere,A,5,TAIL,599
600,vulmic,B,5,TAIL,599
1600,brohor,B,5,TAIL,599
600,miccal,B,5,TAIL,599
1600,plaere,B,5,TAIL,599
551,vulmic,A,6,WHIT,551
1051,brohor,A,6,WHIT,551
51,miccal,A,6,WHIT,551
1051,plaere,A,6,WHIT,551
552,vulmic,B,6,WHIT,551
1052,brohor,B,6,WHIT,551
52,miccal,B,6,WHIT,551
1052,plaere,B,6,WHIT,551
553,vulmic,A,6,WHIT,553
1053,brohor,A,6,WHIT,553
53,miccal,A,6,WHIT,553
1053,plaere,A,6,WHIT,553
554,vulmic,B,6,WHIT,553
1054,brohor,B,6,WHIT,553
54,miccal,B,6,WHIT,553
1054,plaere,B,6,WHIT,553
555,vulmic,A,6,WHIT,555
1055,brohor,A,6,WHIT,555
55,miccal,A,6,WHIT,555
1055,plaere,A,6,WHIT,555
556,vulmic,B,6,WHIT,555
1056,brohor,B,6,WHIT,555
56,miccal,B,6,WHIT,555
1056,plaere,B,6,WHIT,555
557,vulmic,A,6,WHIT,557
1057,brohor,A,6,WHIT,557
57,miccal,A,6,WHIT,557
1057,plaere,A,6,WHIT,557
558,vulmic,B,6,WHIT,557
1058,brohor,B,6,WHIT,557
58,miccal,B,6,WHIT,557
1058,plaere,B,6,WHIT,557
559,vulmic,A,6,WHIT,559
1059,brohor,A,6,WHIT,559
59,miccal,A,6,WHIT,559
1059,plaere,A,6,WHIT,559
560,vulmic,B,6,WHIT,559
1060,brohor,B,6,WHIT,559
60,miccal,B,6,WHIT,559
1060,plaere,B,6,WHIT,559
561,vulmic,A,6,WHIT,561
1061,brohor,A,6,WHIT,561
61,miccal,A,6,WHIT,561
1061,plaere,A,6,WHIT,561
562,vulmic,B,6,WHIT,561
1062,brohor,B,6,WHIT,561
62,miccal,B,6,WHIT,561
1062,plaere,B,6,WHIT,561
563,vulmic,A,6,WHIT,563
1063,brohor,A,6,WHIT,563
63,miccal,A,6,WHIT,563
1063,plaere,A,6,WHIT,563
564,vulmic,B,6,WHIT,563
1064,brohor,B,6,WHIT,563
64,miccal,B,6,WHIT,563
1064,plaere,B,6,WHIT,563
565,vulmic,A,6,WHIT,565
1065,brohor,A,6,WHIT,565
65,miccal,A,6,WHIT,565
1065,plaere,A,6,WHIT,565
566,vulmic,B,6,WHIT,565
1066,brohor,B,6,WHIT,565
66,miccal,B,6,WHIT,565
1066,plaere,B,6,WHIT,565
567,vulmic,A,6,WHIT,567
1067,brohor,A,6,WHIT,567
67,miccal,A,6,WHIT,567
1067,plaere,A,6,WHIT,567
568,vulmic,B,6,WHIT,567
1068,brohor,B,6,WHIT,567
68,miccal,B,6,WHIT,567
1068,plaere,B,6,WHIT,567
569,vulmic,A,6,WHIT,569
1069,brohor,A,6,WHIT,569
69,miccal,A,6,WHIT,569
1069,plaere,A,6,WHIT,569
570,vulmic,B,6,WHIT,569
1070,brohor,B,6,WHIT,569
70,miccal,B,6,WHIT,569
1070,plaere,B,6,WHIT,569
571,vulmic,A,6,WHIT,571
1071,brohor,A,6,WHIT,571
71,miccal,A,6,WHIT,571
1071,plaere,A,6,WHIT,571
572,vulmic,B,6,WHIT,571
1072,brohor,B,6,WHIT,571
72,miccal,B,6,WHIT,571
1072,plaere,B,6,WHIT,571
573,vulmic,A,6,WHIT,573
1073,brohor,A,6,WHIT,573
73,miccal,A,6,WHIT,573
1073,plaere,A,6,WHIT,573
574,vulmic,B,6,WHIT,573
1074,brohor,B,6,WHIT,573
74,miccal,B,6,WHIT,573
1074,plaere,B,6,WHIT,573
575,vulmic,A,6,WHIT,575
1075,brohor,A,6,WHIT,575
75,miccal,A,6,WHIT,575
1075,plaere,A,6,WHIT,575
576,vulmic,B,6,WHIT,575
1076,brohor,B,6,WHIT,575
76,miccal,B,6,WHIT,575
1076,plaere,B,6,WHIT,575
577,vulmic,A,6,WHIT,577
1077,brohor,A,6,WHIT,577
77,miccal,A,6,WHIT,577
1077,plaere,A,6,WHIT,577
578,vulmic,B,6,WHIT,577
1078,brohor,B,6,WHIT,577
78,miccal,B,6,WHIT,577
1078,plaere,B,6,WHIT,577
579,vulmic,A,6,WHIT,579
1079,brohor,A,6,WHIT,579
79,miccal,A,6,WHIT,579
1079,plaere,A,6,WHIT,579
580,vulmic,B,6,WHIT,579
1080,brohor,B,6,WHIT,579
80,miccal,B,6,WHIT,579
1080,plaere,B,6,WHIT,579
581,vulmic,A,6,WHIT,581
1081,brohor,A,6,WHIT,581
81,miccal,A,6,WHIT,581
1081,plaere,A,6,WHIT,581
582,vulmic,B,6,WHIT,581
1082,brohor,B,6,WHIT,581
82,miccal,B,6,WHIT,581
1082,plaere,B,6,WHIT,581
583,vulmic,A,6,WHIT,583
1083,brohor,A,6,WHIT,583
83,miccal,A,6,WHIT,583
1083,plaere,A,6,WHIT,583
584,vulmic,B,6,WHIT,583
1084,brohor,B,6,WHIT,583
84,miccal,B,6,WHIT,583
1084,plaere,B,6,WHIT,583
585,vulmic,A,6,WHIT,585
1085,brohor,A,6,WHIT,585
85,miccal,A,6,WHIT,585
1085,plaere,A,6,WHIT,585
586,vulmic,B,6,WHIT,585
1086,brohor,B,6,WHIT,585
86,miccal,B,6,WHIT,585
1086,plaere,B,6,WHIT,585
587,vulmic,A,6,WHIT,587
1087,brohor,A,6,WHIT,587
87,miccal,A,6,WHIT,587
1087,plaere,A,6,WHIT,587
588,vulmic,B,6,WHIT,587
1088,brohor,B,6,WHIT,587
88,miccal,B,6,WHIT,587
1088,plaere,B,6,WHIT,587
589,vulmic,A,6,WHIT,589
1089,brohor,A,6,WHIT,589
89,miccal,A,6,WHIT,589
1089,plaere,A,6,WHIT,589
590,vulmic,B,6,WHIT,589
1090,brohor,B,6,WHIT,589
90,miccal,B,6,WHIT,589
1090,plaere,B,6,WHIT,589
591,vulmic,A,6,WHIT,591
1091,brohor,A,6,WHIT,591
91,miccal,A,6,WHIT,591
1091,plaere,A,6,WHIT,591
592,vulmic,B,6,WHIT,591
1092,brohor,B,6,WHIT,591
92,miccal,B,6,WHIT,591
1092,plaere,B,6,WHIT,591
593,vulmic,A,6,WHIT,593
1093,brohor,A,6,WHIT,593
93,miccal,A,6,WHIT,593
1093,plaere,A,6,WHIT,593
594,vulmic,B,6,WHIT,593
1094,brohor,B,6,WHIT,593
94,miccal,B,6,WHIT,593
1094,plaere,B,6,WHIT,593
595,vulmic,A,6,WHIT,595
1095,brohor,A,6,WHIT,595
95,miccal,A,6,WHIT,595
1095,plaere,A,6,WHIT,595
596,vulmic,B,6,WHIT,595
1096,brohor,B,6,WHIT,595
96,miccal,B,6,WHIT,595
1096,plaere,B,6,WHIT,595
597,vulmic,A,6,WHIT,597
1097,brohor,A,6,WHIT,597
97,miccal,A,6,WHIT,597
1097,plaere,A,6,WHIT,597
598,vulmic,B,6,WHIT,597
1098,brohor,B,6,WHIT,597
98,miccal,B,6,WHIT,597
1098,plaere,B,6,WHIT,597
599,vulmic,A,6,WHIT,599
1099,brohor,A,6,WHIT,599
99,miccal,A,6,WHIT,599
1099,plaere,A,6,WHIT,599
600,vulmic,B,6,WHIT,599
1100,brohor,B,6,WHIT,599
100,miccal,B,6,WHIT,599
1100,plaere,B,6,WHIT,599
651,vulmic,A,9,WHIT,651
1151,brohor,A,9,WHIT,651
151,miccal,A,9,WHIT,651
1151,plaere,A,9,WHIT,651
652,vulmic,B,9,WHIT,651
1152,brohor,B,9,WHIT,651
152,miccal,B,9,WHIT,651
1152,plaere,B,9,WHIT,651
653,vulmic,A,9,WHIT,653
1153,brohor,A,9,WHIT,653
153,miccal,A,9,WHIT,653
1153,plaere,A,9,WHIT,653
654,vulmic,B,9,WHIT,653
1154,brohor,B,9,WHIT,653
154,miccal,B,9,WHIT,653
1154,plaere,B,9,WHIT,653
655,vulmic,A,9,WHIT,655
1155,brohor,A,9,WHIT,655
155,miccal,A,9,WHIT,655
1155,plaere,A,9,WHIT,655
656,vulmic,B,9,WHIT,655
1156,brohor,B,9,WHIT,655
156,miccal,B,9,WHIT,655
1156,plaere,B,9,WHIT,655
657,vulmic,A,9,WHIT,657
1157,brohor,A,9,WHIT,657
157,miccal,A,9,WHIT,657
1157,plaere,A,9,WHIT,657
658,vulmic,B,9,WHIT,657
1158,brohor,B,9,WHIT,657
158,miccal,B,9,WHIT,657
1158,plaere,B,9,WHIT,657
659,vulmic,A,9,WHIT,659
1159,brohor,A,9,WHIT,659
159,miccal,A,9,WHIT,659
1159,plaere,A,9,WHIT,659
660,vulmic,B,9,WHIT,659
1160,brohor,B,9,WHIT,659
160,miccal,B,9,WHIT,659
1160,plaere,B,9,WHIT,659
661,vulmic,A,9,WHIT,661
1161,brohor,A,9,WHIT,661
161,miccal,A,9,WHIT,661
1161,plaere,A,9,WHIT,661
662,vulmic,B,9,WHIT,661
1162,brohor,B,9,WHIT,661
162,miccal,B,9,WHIT,661
1162,plaere,B,9,WHIT,661
663,vulmic,A,9,WHIT,663
1163,brohor,A,9,WHIT,663
163,miccal,A,9,WHIT,663
1163,plaere,A,9,WHIT,663
664,vulmic,B,9,WHIT,663
1164,brohor,B,9,WHIT,663
164,miccal,B,9,WHIT,663
1164,plaere,B,9,WHIT,663
665,vulmic,A,9,WHIT,665
1165,brohor,A,9,WHIT,665
165,miccal,A,9,WHIT,665
1165,plaere,A,9,WHIT,665
666,vulmic,B,9,WHIT,665
1166,brohor,B,9,WHIT,665
166,miccal,B,9,WHIT,665
1166,plaere,B,9,WHIT,665
667,vulmic,A,9,WHIT,667
1167,brohor,A,9,WHIT,667
167,miccal,A,9,WHIT,667
1167,plaere,A,9,WHIT,667
668,vulmic,B,9,WHIT,667
1168,brohor,B,9,WHIT,667
168,miccal,B,9,WHIT,667
1168,plaere,B,9,WHIT,667
669,vulmic,A,9,WHIT,669
1169,brohor,A,9,WHIT,669
169,miccal,A,9,WHIT,669
1169,plaere,A,9,WHIT,669
670,vulmic,B,9,WHIT,669
1170,brohor,B,9,WHIT,669
170,miccal,B,9,WHIT,669
1170,plaere,B,9,WHIT,669
671,vulmic,A,9,WHIT,671
1171,brohor,A,9,WHIT,671
171,miccal,A,9,WHIT,671
1171,plaere,A,9,WHIT,671
672,vulmic,B,9,WHIT,671
1172,brohor,B,9,WHIT,671
172,miccal,B,9,WHIT,671
1172,plaere,B,9,WHIT,671
673,vulmic,A,9,WHIT,673
1173,brohor,A,9,WHIT,673
173,miccal,A,9,WHIT,673
1173,plaere,A,9,WHIT,673
674,vulmic,B,9,WHIT,673
1174,brohor,B,9,WHIT,673
174,miccal,B,9,WHIT,673
1174,plaere,B,9,WHIT,673
675,vulmic,A,9,WHIT,675
1175,brohor,A,9,WHIT,675
175,miccal,A,9,WHIT,675
1175,plaere,A,9,WHIT,675
676,vulmic,B,9,WHIT,675
1176,brohor,B,9,WHIT,675
176,miccal,B,9,WHIT,675
1176,plaere,B,9,WHIT,675
677,vulmic,A,9,WHIT,677
1177,brohor,A,9,WHIT,677
177,miccal,A,9,WHIT,677
1177,plaere,A,9,WHIT,677
678,vulmic,B,9,WHIT,677
1178,brohor,B,9,WHIT,677
178,miccal,B,9,WHIT,677
1178,plaere,B,9,WHIT,677
679,vulmic,A,9,WHIT,679
1179,brohor,A,9,WHIT,679
179,miccal,A,9,WHIT,679
1179,plaere,A,9,WHIT,679
680,vulmic,B,9,WHIT,679
1180,brohor,B,9,WHIT,679
180,miccal,B,9,WHIT,679
1180,plaere,B,9,WHIT,679
681,vulmic,A,9,WHIT,681
1181,brohor,A,9,WHIT,681
181,miccal,A,9,WHIT,681
1181,plaere,A,9,WHIT,681
682,vulmic,B,9,WHIT,681
1182,brohor,B,9,WHIT,681
182,miccal,B,9,WHIT,681
1182,plaere,B,9,WHIT,681
683,vulmic,A,9,WHIT,683
1183,brohor,A,9,WHIT,683
183,miccal,A,9,WHIT,683
1183,plaere,A,9,WHIT,683
684,vulmic,B,9,WHIT,683
1184,brohor,B,9,WHIT,683
184,miccal,B,9,WHIT,683
1184,plaere,B,9,WHIT,683
685,vulmic,A,9,WHIT,685
1185,brohor,A,9,WHIT,685
185,miccal,A,9,WHIT,685
1185,plaere,A,9,WHIT,685
686,vulmic,B,9,WHIT,685
1186,brohor,B,9,WHIT,685
186,miccal,B,9,WHIT,685
1186,plaere,B,9,WHIT,685
687,vulmic,A,9,WHIT,687
1187,brohor,A,9,WHIT,687
187,miccal,A,9,WHIT,687
1187,plaere,A,9,WHIT,687
688,vulmic,B,9,WHIT,687
1188,brohor,B,9,WHIT,687
188,miccal,B,9,WHIT,687
1188,plaere,B,9,WHIT,687
689,vulmic,A,9,WHIT,689
1189,brohor,A,9,WHIT,689
189,miccal,A,9,WHIT,689
1189,plaere,A,9,WHIT,689
690,vulmic,B,9,WHIT,689
1190,brohor,B,9,WHIT,689
190,miccal,B,9,WHIT,689
1190,plaere,B,9,WHIT,689
691,vulmic,A,9,WHIT,691
1191,brohor,A,9,WHIT,691
191,miccal,A,9,WHIT,691
1191,plaere,A,9,WHIT,691
692,vulmic,B,9,WHIT,691
1192,brohor,B,9,WHIT,691
192,miccal,B,9,WHIT,691
1192,plaere,B,9,WHIT,691
693,vulmic,A,9,WHIT,693
1193,brohor,A,9,WHIT,693
193,miccal,A,9,WHIT,693
1193,plaere,A,9,WHIT,693
694,vulmic,B,9,WHIT,693
1194,brohor,B,9,WHIT,693
194,miccal,B,9,WHIT,693
1194,plaere,B,9,WHIT,693
695,vulmic,A,9,WHIT,695
1195,brohor,A,9,WHIT,695
195,miccal,A,9,WHIT,695
1195,plaere,A,9,WHIT,695
696,vulmic,B,9,WHIT,695
1196,brohor,B,9,WHIT,695
196,miccal,B,9,WHIT,695
1196,plaere,B,9,WHIT,695
697,vulmic,A,9,WHIT,697
1197,brohor,A,9,WHIT,697
197,miccal,A,9,WHIT,697
1197,plaere,A,9,WHIT,697
698,vulmic,B,9,WHIT,697
1198,brohor,B,9,WHIT,697
198,miccal,B,9,WHIT,697
1198,plaere,B,9,WHIT,697
699,vulmic,A,9,WHIT,699
1199,brohor,A,9,WHIT,699
199,miccal,A,9,WHIT,699
1199,plaere,A,9,WHIT,699
700,vulmic,B,9,WHIT,699
1200,brohor,B,9,WHIT,699
200,miccal,B,9,WHIT,699
1200,plaere,B,9,WHIT,699
701,vulmic,A,8,WHIT,701
1201,brohor,A,8,WHIT,701
201,miccal,A,8,WHIT,701
1201,plaere,A,8,WHIT,701
702,vulmic,B,8,WHIT,701
1202,brohor,B,8,WHIT,701
202,miccal,B,8,WHIT,701
1202,plaere,B,8,WHIT,701
703,vulmic,A,8,WHIT,703
1203,brohor,A,8,WHIT,703
203,miccal,A,8,WHIT,703
1203,plaere,A,8,WHIT,703
704,vulmic,B,8,WHIT,703
1204,brohor,B,8,WHIT,703
204,miccal,B,8,WHIT,703
1204,plaere,B,8,WHIT,703
705,vulmic,A,8,WHIT,705
1205,brohor,A,8,WHIT,705
205,miccal,A,8,WHIT,705
1205,plaere,A,8,WHIT,705
706,vulmic,B,8,WHIT,705
1206,brohor,B,8,WHIT,705
206,miccal,B,8,WHIT,705
1206,plaere,B,8,WHIT,705
707,vulmic,A,8,WHIT,707
1207,brohor,A,8,WHIT,707
207,miccal,A,8,WHIT,707
1207,plaere,A,8,WHIT,707
708,vulmic,B,8,WHIT,707
1208,brohor,B,8,WHIT,707
208,miccal,B,8,WHIT,707
1208,plaere,B,8,WHIT,707
709,vulmic,A,8,WHIT,709
1209,brohor,A,8,WHIT,709
209,miccal,A,8,WHIT,709
1209,plaere,A,8,WHIT,709
710,vulmic,B,8,WHIT,709
1210,brohor,B,8,WHIT,709
210,miccal,B,8,WHIT,709
1210,plaere,B,8,WHIT,709
711,vulmic,A,8,WHIT,711
1211,brohor,A,8,WHIT,711
211,miccal,A,8,WHIT,711
1211,plaere,A,8,WHIT,711
712,vulmic,B,8,WHIT,711
1212,brohor,B,8,WHIT,711
212,miccal,B,8,WHIT,711
1212,plaere,B,8,WHIT,711
713,vulmic,A,8,WHIT,713
1213,brohor,A,8,WHIT,713
213,miccal,A,8,WHIT,713
1213,plaere,A,8,WHIT,713
714,vulmic,B,8,WHIT,713
1214,brohor,B,8,WHIT,713
214,miccal,B,8,WHIT,713
1214,plaere,B,8,WHIT,713
715,vulmic,A,8,WHIT,715
1215,brohor,A,8,WHIT,715
215,miccal,A,8,WHIT,715
1215,plaere,A,8,WHIT,715
716,vulmic,B,8,WHIT,715
1216,brohor,B,8,WHIT,715
216,miccal,B,8,WHIT,715
1216,plaere,B,8,WHIT,715
717,vulmic,A,8,WHIT,717
1217,brohor,A,8,WHIT,717
217,miccal,A,8,WHIT,717
1217,plaere,A,8,WHIT,717
718,vulmic,B,8,WHIT,717
1218,brohor,B,8,WHIT,717
218,miccal,B,8,WHIT,717
1218,plaere,B,8,WHIT,717
719,vulmic,A,8,WHIT,719
1219,brohor,A,8,WHIT,719
219,miccal,A,8,WHIT,719
1219,plaere,A,8,WHIT,719
720,vulmic,B,8,WHIT,719
1220,brohor,B,8,WHIT,719
220,miccal,B,8,WHIT,719
1220,plaere,B,8,WHIT,719
721,vulmic,A,8,WHIT,721
1221,brohor,A,8,WHIT,721
221,miccal,A,8,WHIT,721
1221,plaere,A,8,WHIT,721
722,vulmic,B,8,WHIT,721
1222,brohor,B,8,WHIT,721
222,miccal,B,8,WHIT,721
1222,plaere,B,8,WHIT,721
723,vulmic,A,8,WHIT,723
1223,brohor,A,8,WHIT,723
223,miccal,A,8,WHIT,723
1223,plaere,A,8,WHIT,723
724,vulmic,B,8,WHIT,723
1224,brohor,B,8,WHIT,723
224,miccal,B,8,WHIT,723
1224,plaere,B,8,WHIT,723
725,vulmic,A,8,WHIT,725
1225,brohor,A,8,WHIT,725
225,miccal,A,8,WHIT,725
1225,plaere,A,8,WHIT,725
726,vulmic,B,8,WHIT,725
1226,brohor,B,8,WHIT,725
226,miccal,B,8,WHIT,725
1226,plaere,B,8,WHIT,725
727,vulmic,A,8,WHIT,727
1227,brohor,A,8,WHIT,727
227,miccal,A,8,WHIT,727
1227,plaere,A,8,WHIT,727
728,vulmic,B,8,WHIT,727
1228,brohor,B,8,WHIT,727
228,miccal,B,8,WHIT,727
1228,plaere,B,8,WHIT,727
729,vulmic,A,8,WHIT,729
1229,brohor,A,8,WHIT,729
229,miccal,A,8,WHIT,729
1229,plaere,A,8,WHIT,729
730,vulmic,B,8,WHIT,729
1230,brohor,B,8,WHIT,729
230,miccal,B,8,WHIT,729
1230,plaere,B,8,WHIT,729
731,vulmic,A,8,WHIT,731
1231,brohor,A,8,WHIT,731
231,miccal,A,8,WHIT,731
1231,plaere,A,8,WHIT,731
732,vulmic,B,8,WHIT,731
1232,brohor,B,8,WHIT,731
232,miccal,B,8,WHIT,731
1232,plaere,B,8,WHIT,731
733,vulmic,A,8,WHIT,733
1233,brohor,A,8,WHIT,733
233,miccal,A,8,WHIT,733
1233,plaere,A,8,WHIT,733
734,vulmic,B,8,WHIT,733
1234,brohor,B,8,WHIT,733
234,miccal,B,8,WHIT,733
1234,plaere,B,8,WHIT,733
735,vulmic,A,8,WHIT,735
1235,brohor,A,8,WHIT,735
235,miccal,A,8,WHIT,735
1235,plaere,A,8,WHIT,735
736,vulmic,B,8,WHIT,735
1236,brohor,B,8,WHIT,735
236,miccal,B,8,WHIT,735
1236,plaere,B,8,WHIT,735
737,vulmic,A,8,WHIT,737
1237,brohor,A,8,WHIT,737
237,miccal,A,8,WHIT,737
1237,plaere,A,8,WHIT,737
738,vulmic,B,8,WHIT,737
1238,brohor,B,8,WHIT,737
238,miccal,B,8,WHIT,737
1238,plaere,B,8,WHIT,737
739,vulmic,A,8,WHIT,739
1239,brohor,A,8,WHIT,739
239,miccal,A,8,WHIT,739
1239,plaere,A,8,WHIT,739
740,vulmic,B,8,WHIT,739
1240,brohor,B,8,WHIT,739
240,miccal,B,8,WHIT,739
1240,plaere,B,8,WHIT,739
741,vulmic,A,8,WHIT,741
1241,brohor,A,8,WHIT,741
241,miccal,A,8,WHIT,741
1241,plaere,A,8,WHIT,741
742,vulmic,B,8,WHIT,741
1242,brohor,B,8,WHIT,741
242,miccal,B,8,WHIT,741
1242,plaere,B,8,WHIT,741
743,vulmic,A,8,WHIT,743
1243,brohor,A,8,WHIT,743
243,miccal,A,8,WHIT,743
1243,plaere,A,8,WHIT,743
744,vulmic,B,8,WHIT,743
1244,brohor,B,8,WHIT,743
244,miccal,B,8,WHIT,743
1244,plaere,B,8,WHIT,743
745,vulmic,A,8,WHIT,745
1245,brohor,A,8,WHIT,745
245,miccal,A,8,WHIT,745
1245,plaere,A,8,WHIT,745
746,vulmic,B,8,WHIT,745
1246,brohor,B,8,WHIT,745
246,miccal,B,8,WHIT,745
1246,plaere,B,8,WHIT,745
747,vulmic,A,8,WHIT,747
1247,brohor,A,8,WHIT,747
247,miccal,A,8,WHIT,747
1247,plaere,A,8,WHIT,747
748,vulmic,B,8,WHIT,747
1248,brohor,B,8,WHIT,747
248,miccal,B,8,WHIT,747
1248,plaere,B,8,WHIT,747
749,vulmic,A,8,WHIT,749
1249,brohor,A,8,WHIT,749
249,miccal,A,8,WHIT,749
1249,plaere,A,8,WHIT,749
750,vulmic,B,8,WHIT,749
1250,brohor,B,8,WHIT,749
250,miccal,B,8,WHIT,749
1250,plaere,B,8,WHIT,749
751,vulmic,A,16,LM,751
1251,brohor,A,16,LM,751
251,miccal,A,16,LM,751
1251,plaere,A,16,LM,751
752,vulmic,B,16,LM,751
1252,brohor,B,16,LM,751
252,miccal,B,16,LM,751
1252,plaere,B,16,LM,751
753,vulmic,A,16,LM,753
1253,brohor,A,16,LM,753
253,miccal,A,16,LM,753
1253,plaere,A,16,LM,753
754,vulmic,B,16,LM,753
1254,brohor,B,16,LM,753
254,miccal,B,16,LM,753
1254,plaere,B,16,LM,753
755,vulmic,A,16,LM,755
1255,brohor,A,16,LM,755
255,miccal,A,16,LM,755
1255,plaere,A,16,LM,755
756,vulmic,B,16,LM,755
1256,brohor,B,16,LM,755
256,miccal,B,16,LM,755
1256,plaere,B,16,LM,755
757,vulmic,A,16,LM,757
1257,brohor,A,16,LM,757
257,miccal,A,16,LM,757
1257,plaere,A,16,LM,757
758,vulmic,B,16,LM,757
1258,brohor,B,16,LM,757
258,miccal,B,16,LM,757
1258,plaere,B,16,LM,757
759,vulmic,A,16,LM,759
1259,brohor,A,16,LM,759
259,miccal,A,16,LM,759
1259,plaere,A,16,LM,759
760,vulmic,B,16,LM,759
1260,brohor,B,16,LM,759
260,miccal,B,16,LM,759
1260,plaere,B,16,LM,759
761,vulmic,A,16,LM,761
1261,brohor,A,16,LM,761
261,miccal,A,16,LM,761
1261,plaere,A,16,LM,761
762,vulmic,B,16,LM,761
1262,brohor,B,16,LM,761
262,miccal,B,16,LM,761
1262,plaere,B,16,LM,761
763,vulmic,A,16,LM,763
1263,brohor,A,16,LM,763
263,miccal,A,16,LM,763
1263,plaere,A,16,LM,763
764,vulmic,B,16,LM,763
1264,brohor,B,16,LM,763
264,miccal,B,16,LM,763
1264,plaere,B,16,LM,763
765,vulmic,A,16,LM,765
1265,brohor,A,16,LM,765
265,miccal,A,16,LM,765
1265,plaere,A,16,LM,765
766,vulmic,B,16,LM,765
1266,brohor,B,16,LM,765
266,miccal,B,16,LM,765
1266,plaere,B,16,LM,765
767,vulmic,A,16,LM,767
1267,brohor,A,16,LM,767
267,miccal,A,16,LM,767
1267,plaere,A,16,LM,767
768,vulmic,B,16,LM,767
1268,brohor,B,16,LM,767
268,miccal,B,16,LM,767
1268,plaere,B,16,LM,767
769,vulmic,A,16,LM,769
1269,brohor,A,16,LM,769
269,miccal,A,16,LM,769
1269,plaere,A,16,LM,769
770,vulmic,B,16,LM,769
1270,brohor,B,16,LM,769
270,miccal,B,16,LM,769
1270,plaere,B,16,LM,769
771,vulmic,A,16,LM,771
1271,brohor,A,16,LM,771
271,miccal,A,16,LM,771
1271,plaere,A,16,LM,771
772,vulmic,B,16,LM,771
1272,brohor,B,16,LM,771
272,miccal,B,16,LM,771
1272,plaere,B,16,LM,771
773,vulmic,A,16,LM,773
1273,brohor,A,16,LM,773
273,miccal,A,16,LM,773
1273,plaere,A,16,LM,773
774,vulmic,B,16,LM,773
1274,brohor,B,16,LM,773
274,miccal,B,16,LM,773
1274,plaere,B,16,LM,773
775,vulmic,A,16,LM,775
1275,brohor,A,16,LM,775
275,miccal,A,16,LM,775
1275,plaere,A,16,LM,775
776,vulmic,B,16,LM,775
1276,brohor,B,16,LM,775
276,miccal,B,16,LM,775
1276,plaere,B,16,LM,775
777,vulmic,A,16,LM,777
1277,brohor,A,16,LM,777
277,miccal,A,16,LM,777
1277,plaere,A,16,LM,777
778,vulmic,B,16,LM,777
1278,brohor,B,16,LM,777
278,miccal,B,16,LM,777
1278,plaere,B,16,LM,777
779,vulmic,A,16,LM,779
1279,brohor,A,16,LM,779
279,miccal,A,16,LM,779
1279,plaere,A,16,LM,779
780,vulmic,B,16,LM,779
1280,brohor,B,16,LM,779
280,miccal,B,16,LM,779
1280,plaere,B,16,LM,779
781,vulmic,A,16,LM,781
1281,brohor,A,16,LM,781
281,miccal,A,16,LM,781
1281,plaere,A,16,LM,781
782,vulmic,B,16,LM,781
1282,brohor,B,16,LM,781
282,miccal,B,16,LM,781
1282,plaere,B,16,LM,781
783,vulmic,A,16,LM,783
1283,brohor,A,16,LM,783
283,miccal,A,16,LM,783
1283,plaere,A,16,LM,783
784,vulmic,B,16,LM,783
1284,brohor,B,16,LM,783
284,miccal,B,16,LM,783
1284,plaere,B,16,LM,783
785,vulmic,A,16,LM,785
1285,brohor,A,16,LM,785
285,miccal,A,16,LM,785
1285,plaere,A,16,LM,785
786,vulmic,B,16,LM,785
1286,brohor,B,16,LM,785
286,miccal,B,16,LM,785
1286,plaere,B,16,LM,785
787,vulmic,A,16,LM,787
1287,brohor,A,16,LM,787
287,miccal,A,16,LM,787
1287,plaere,A,16,LM,787
788,vulmic,B,16,LM,787
1288,brohor,B,16,LM,787
288,miccal,B,16,LM,787
1288,plaere,B,16,LM,787
789,vulmic,A,16,LM,789
1289,brohor,A,16,LM,789
289,miccal,A,16,LM,789
1289,plaere,A,16,LM,789
790,vulmic,B,16,LM,789
1290,brohor,B,16,LM,789
290,miccal,B,16,LM,789
1290,plaere,B,16,LM,789
791,vulmic,A,16,LM,791
1291,brohor,A,16,LM,791
291,miccal,A,16,LM,791
1291,plaere,A,16,LM,791
792,vulmic,B,16,LM,791
1292,brohor,B,16,LM,791
292,miccal,B,16,LM,791
1292,plaere,B,16,LM,791
793,vulmic,A,16,LM,793
1293,brohor,A,16,LM,793
293,miccal,A,16,LM,793
1293,plaere,A,16,LM,793
794,vulmic,B,16,LM,793
1294,brohor,B,16,LM,793
294,miccal,B,16,LM,793
1294,plaere,B,16,LM,793
795,vulmic,A,16,LM,795
1295,brohor,A,16,LM,795
295,miccal,A,16,LM,795
1295,plaere,A,16,LM,795
796,vulmic,B,16,LM,795
1296,brohor,B,16,LM,795
296,miccal,B,16,LM,795
1296,plaere,B,16,LM,795
797,vulmic,A,16,LM,797
1297,brohor,A,16,LM,797
297,miccal,A,16,LM,797
1297,plaere,A,16,LM,797
798,vulmic,B,16,LM,797
1298,brohor,B,16,LM,797
298,miccal,B,16,LM,797
1298,plaere,B,16,LM,797
799,vulmic,A,16,LM,799
1299,brohor,A,16,LM,799
299,miccal,A,16,LM,799
1299,plaere,A,16,LM,799
800,vulmic,B,16,LM,799
1300,brohor,B,16,LM,799
300,miccal,B,16,LM,799
1300,plaere,B,16,LM,799
801,vulmic,A,17,LM,801
1301,brohor,A,17,LM,801
301,miccal,A,17,LM,801
1301,plaere,A,17,LM,801
802,vulmic,B,17,LM,801
1302,brohor,B,17,LM,801
302,miccal,B,17,LM,801
1302,plaere,B,17,LM,801
803,vulmic,A,17,LM,803
1303,brohor,A,17,LM,803
303,miccal,A,17,LM,803
1303,plaere,A,17,LM,803
804,vulmic,B,17,LM,803
1304,brohor,B,17,LM,803
304,miccal,B,17,LM,803
1304,plaere,B,17,LM,803
805,vulmic,A,17,LM,805
1305,brohor,A,17,LM,805
305,miccal,A,17,LM,805
1305,plaere,A,17,LM,805
806,vulmic,B,17,LM,805
1306,brohor,B,17,LM,805
306,miccal,B,17,LM,805
1306,plaere,B,17,LM,805
807,vulmic,A,17,LM,807
1307,brohor,A,17,LM,807
307,miccal,A,17,LM,807
1307,plaere,A,17,LM,807
808,vulmic,B,17,LM,807
1308,brohor,B,17,LM,807
308,miccal,B,17,LM,807
1308,plaere,B,17,LM,807
809,vulmic,A,17,LM,809
1309,brohor,A,17,LM,809
309,miccal,A,17,LM,809
1309,plaere,A,17,LM,809
810,vulmic,B,17,LM,809
1310,brohor,B,17,LM,809
310,miccal,B,17,LM,809
1310,plaere,B,17,LM,809
811,vulmic,A,17,LM,811
1311,brohor,A,17,LM,811
311,miccal,A,17,LM,811
1311,plaere,A,17,LM,811
812,vulmic,B,17,LM,811
1312,brohor,B,17,LM,811
312,miccal,B,17,LM,811
1312,plaere,B,17,LM,811
813,vulmic,A,17,LM,813
1313,brohor,A,17,LM,813
313,miccal,A,17,LM,813
1313,plaere,A,17,LM,813
814,vulmic,B,17,LM,813
1314,brohor,B,17,LM,813
314,miccal,B,17,LM,813
1314,plaere,B,17,LM,813
815,vulmic,A,17,LM,815
1315,brohor,A,17,LM,815
315,miccal,A,17,LM,815
1315,plaere,A,17,LM,815
816,vulmic,B,17,LM,815
1316,brohor,B,17,LM,815
316,miccal,B,17,LM,815
1316,plaere,B,17,LM,815
817,vulmic,A,17,LM,817
1317,brohor,A,17,LM,817
317,miccal,A,17,LM,817
1317,plaere,A,17,LM,817
818,vulmic,B,17,LM,817
1318,brohor,B,17,LM,817
318,miccal,B,17,LM,817
1318,plaere,B,17,LM,817
819,vulmic,A,17,LM,819
1319,brohor,A,17,LM,819
319,miccal,A,17,LM,819
1319,plaere,A,17,LM,819
820,vulmic,B,17,LM,819
1320,brohor,B,17,LM,819
320,miccal,B,17,LM,819
1320,plaere,B,17,LM,819
821,vulmic,A,17,LM,821
1321,brohor,A,17,LM,821
321,miccal,A,17,LM,821
1321,plaere,A,17,LM,821
822,vulmic,B,17,LM,821
1322,brohor,B,17,LM,821
322,miccal,B,17,LM,821
1322,plaere,B,17,LM,821
823,vulmic,A,17,LM,823
1323,brohor,A,17,LM,823
323,miccal,A,17,LM,823
1323,plaere,A,17,LM,823
824,vulmic,B,17,LM,823
1324,brohor,B,17,LM,823
324,miccal,B,17,LM,823
1324,plaere,B,17,LM,823
825,vulmic,A,17,LM,825
1325,brohor,A,17,LM,825
325,miccal,A,17,LM,825
1325,plaere,A,17,LM,825
826,vulmic,B,17,LM,825
1326,brohor,B,17,LM,825
326,miccal,B,17,LM,825
1326,plaere,B,17,LM,825
827,vulmic,A,17,LM,827
1327,brohor,A,17,LM,827
327,miccal,A,17,LM,827
1327,plaere,A,17,LM,827
828,vulmic,B,17,LM,827
1328,brohor,B,17,LM,827
328,miccal,B,17,LM,827
1328,plaere,B,17,LM,827
829,vulmic,A,17,LM,829
1329,brohor,A,17,LM,829
329,miccal,A,17,LM,829
1329,plaere,A,17,LM,829
830,vulmic,B,17,LM,829
1330,brohor,B,17,LM,829
330,miccal,B,17,LM,829
1330,plaere,B,17,LM,829
831,vulmic,A,17,LM,831
1331,brohor,A,17,LM,831
331,miccal,A,17,LM,831
1331,plaere,A,17,LM,831
832,vulmic,B,17,LM,831
1332,brohor,B,17,LM,831
332,miccal,B,17,LM,831
1332,plaere,B,17,LM,831
833,vulmic,A,17,LM,833
1333,brohor,A,17,LM,833
333,miccal,A,17,LM,833
1333,plaere,A,17,LM,833
834,vulmic,B,17,LM,833
1334,brohor,B,17,LM,833
334,miccal,B,17,LM,833
1334,plaere,B,17,LM,833
835,vulmic,A,17,LM,835
1335,brohor,A,17,LM,835
335,miccal,A,17,LM,835
1335,plaere,A,17,LM,835
836,vulmic,B,17,LM,835
1336,brohor,B,17,LM,835
336,miccal,B,17,LM,835
1336,plaere,B,17,LM,835
837,vulmic,A,17,LM,837
1337,brohor,A,17,LM,837
337,miccal,A,17,LM,837
1337,plaere,A,17,LM,837
838,vulmic,B,17,LM,837
1338,brohor,B,17,LM,837
338,miccal,B,17,LM,837
1338,plaere,B,17,LM,837
839,vulmic,A,17,LM,839
1339,brohor,A,17,LM,839
339,miccal,A,17,LM,839
1339,plaere,A,17,LM,839
840,vulmic,B,17,LM,839
1340,brohor,B,17,LM,839
340,miccal,B,17,LM,839
1340,plaere,B,17,LM,839
841,vulmic,A,17,LM,841
1341,brohor,A,17,LM,841
341,miccal,A,17,LM,841
1341,plaere,A,17,LM,841
842,vulmic,B,17,LM,841
1342,brohor,B,17,LM,841
342,miccal,B,17,LM,841
1342,plaere,B,17,LM,841
843,vulmic,A,17,LM,843
1343,brohor,A,17,LM,843
343,miccal,A,17,LM,843
1343,plaere,A,17,LM,843
844,vulmic,B,17,LM,843
1344,brohor,B,17,LM,843
344,miccal,B,17,LM,843
1344,plaere,B,17,LM,843
845,vulmic,A,17,LM,845
1345,brohor,A,17,LM,845
345,miccal,A,17,LM,845
1345,plaere,A,17,LM,845
846,vulmic,B,17,LM,845
1346,brohor,B,17,LM,845
346,miccal,B,17,LM,845
1346,plaere,B,17,LM,845
847,vulmic,A,17,LM,847
1347,brohor,A,17,LM,847
347,miccal,A,17,LM,847
1347,plaere,A,17,LM,847
848,vulmic,B,17,LM,847
1348,brohor,B,17,LM,847
348,miccal,B,17,LM,847
1348,plaere,B,17,LM,847
849,vulmic,A,17,LM,849
1349,brohor,A,17,LM,849
349,miccal,A,17,LM,849
1349,plaere,A,17,LM,849
850,vulmic,B,17,LM,849
1350,brohor,B,17,LM,849
350,miccal,B,17,LM,849
1350,plaere,B,17,LM,849
851,vulmic,A,19,LM,851
1351,brohor,A,19,LM,851
351,miccal,A,19,LM,851
1351,plaere,A,19,LM,851
852,vulmic,B,19,LM,851
1352,brohor,B,19,LM,851
352,miccal,B,19,LM,851
1352,plaere,B,19,LM,851
853,vulmic,A,19,LM,853
1353,brohor,A,19,LM,853
353,miccal,A,19,LM,853
1353,plaere,A,19,LM,853
854,vulmic,B,19,LM,853
1354,brohor,B,19,LM,853
354,miccal,B,19,LM,853
1354,plaere,B,19,LM,853
855,vulmic,A,19,LM,855
1355,brohor,A,19,LM,855
355,miccal,A,19,LM,855
1355,plaere,A,19,LM,855
856,vulmic,B,19,LM,855
1356,brohor,B,19,LM,855
356,miccal,B,19,LM,855
1356,plaere,B,19,LM,855
857,vulmic,A,19,LM,857
1357,brohor,A,19,LM,857
357,miccal,A,19,LM,857
1357,plaere,A,19,LM,857
858,vulmic,B,19,LM,857
1358,brohor,B,19,LM,857
358,miccal,B,19,LM,857
1358,plaere,B,19,LM,857
859,vulmic,A,19,LM,859
1359,brohor,A,19,LM,859
359,miccal,A,19,LM,859
1359,plaere,A,19,LM,859
860,vulmic,B,19,LM,859
1360,brohor,B,19,LM,859
360,miccal,B,19,LM,859
1360,plaere,B,19,LM,859
861,vulmic,A,19,LM,861
1361,brohor,A,19,LM,861
361,miccal,A,19,LM,861
1361,plaere,A,19,LM,861
862,vulmic,B,19,LM,861
1362,brohor,B,19,LM,861
362,miccal,B,19,LM,861
1362,plaere,B,19,LM,861
863,vulmic,A,19,LM,863
1363,brohor,A,19,LM,863
363,miccal,A,19,LM,863
1363,plaere,A,19,LM,863
864,vulmic,B,19,LM,863
1364,brohor,B,19,LM,863
364,miccal,B,19,LM,863
1364,plaere,B,19,LM,863
865,vulmic,A,19,LM,865
1365,brohor,A,19,LM,865
365,miccal,A,19,LM,865
1365,plaere,A,19,LM,865
866,vulmic,B,19,LM,865
1366,brohor,B,19,LM,865
366,miccal,B,19,LM,865
1366,plaere,B,19,LM,865
867,vulmic,A,19,LM,867
1367,brohor,A,19,LM,867
367,miccal,A,19,LM,867
1367,plaere,A,19,LM,867
868,vulmic,B,19,LM,867
1368,brohor,B,19,LM,867
368,miccal,B,19,LM,867
1368,plaere,B,19,LM,867
869,vulmic,A,19,LM,869
1369,brohor,A,19,LM,869
369,miccal,A,19,LM,869
1369,plaere,A,19,LM,869
870,vulmic,B,19,LM,869
1370,brohor,B,19,LM,869
370,miccal,B,19,LM,869
1370,plaere,B,19,LM,869
871,vulmic,A,19,LM,871
1371,brohor,A,19,LM,871
371,miccal,A,19,LM,871
1371,plaere,A,19,LM,871
872,vulmic,B,19,LM,871
1372,brohor,B,19,LM,871
372,miccal,B,19,LM,871
1372,plaere,B,19,LM,871
873,vulmic,A,19,LM,873
1373,brohor,A,19,LM,873
373,miccal,A,19,LM,873
1373,plaere,A,19,LM,873
874,vulmic,B,19,LM,873
1374,brohor,B,19,LM,873
374,miccal,B,19,LM,873
1374,plaere,B,19,LM,873
875,vulmic,A,19,LM,875
1375,brohor,A,19,LM,875
375,miccal,A,19,LM,875
1375,plaere,A,19,LM,875
876,vulmic,B,19,LM,875
1376,brohor,B,19,LM,875
376,miccal,B,19,LM,875
1376,plaere,B,19,LM,875
877,vulmic,A,19,LM,877
1377,brohor,A,19,LM,877
377,miccal,A,19,LM,877
1377,plaere,A,19,LM,877
878,vulmic,B,19,LM,877
1378,brohor,B,19,LM,877
378,miccal,B,19,LM,877
1378,plaere,B,19,LM,877
879,vulmic,A,19,LM,879
1379,brohor,A,19,LM,879
379,miccal,A,19,LM,879
1379,plaere,A,19,LM,879
880,vulmic,B,19,LM,879
1380,brohor,B,19,LM,879
380,miccal,B,19,LM,879
1380,plaere,B,19,LM,879
881,vulmic,A,19,LM,881
1381,brohor,A,19,LM,881
381,miccal,A,19,LM,881
1381,plaere,A,19,LM,881
882,vulmic,B,19,LM,881
1382,brohor,B,19,LM,881
382,miccal,B,19,LM,881
1382,plaere,B,19,LM,881
883,vulmic,A,19,LM,883
1383,brohor,A,19,LM,883
383,miccal,A,19,LM,883
1383,plaere,A,19,LM,883
884,vulmic,B,19,LM,883
1384,brohor,B,19,LM,883
384,miccal,B,19,LM,883
1384,plaere,B,19,LM,883
885,vulmic,A,19,LM,885
1385,brohor,A,19,LM,885
385,miccal,A,19,LM,885
1385,plaere,A,19,LM,885
886,vulmic,B,19,LM,885
1386,brohor,B,19,LM,885
386,miccal,B,19,LM,885
1386,plaere,B,19,LM,885
887,vulmic,A,19,LM,887
1387,brohor,A,19,LM,887
387,miccal,A,19,LM,887
1387,plaere,A,19,LM,887
888,vulmic,B,19,LM,887
1388,brohor,B,19,LM,887
388,miccal,B,19,LM,887
1388,plaere,B,19,LM,887
889,vulmic,A,19,LM,889
1389,brohor,A,19,LM,889
389,miccal,A,19,LM,889
1389,plaere,A,19,LM,889
890,vulmic,B,19,LM,889
1390,brohor,B,19,LM,889
390,miccal,B,19,LM,889
1390,plaere,B,19,LM,889
891,vulmic,A,19,LM,891
1391,brohor,A,19,LM,891
391,miccal,A,19,LM,891
1391,plaere,A,19,LM,891
892,vulmic,B,19,LM,891
1392,brohor,B,19,LM,891
392,miccal,B,19,LM,891
1392,plaere,B,19,LM,891
893,vulmic,A,19,LM,893
1393,brohor,A,19,LM,893
393,miccal,A,19,LM,893
1393,plaere,A,19,LM,893
894,vulmic,B,19,LM,893
1394,brohor,B,19,LM,893
394,miccal,B,19,LM,893
1394,plaere,B,19,LM,893
895,vulmic,A,19,LM,895
1395,brohor,A,19,LM,895
395,miccal,A,19,LM,895
1395,plaere,A,19,LM,895
896,vulmic,B,19,LM,895
1396,brohor,B,19,LM,895
396,miccal,B,19,LM,895
1396,plaere,B,19,LM,895
897,vulmic,A,19,LM,897
1397,brohor,A,19,LM,897
397,miccal,A,19,LM,897
1397,plaere,A,19,LM,897
898,vulmic,B,19,LM,897
1398,brohor,B,19,LM,897
398,miccal,B,19,LM,897
1398,plaere,B,19,LM,897
899,vulmic,A,19,LM,899
1399,brohor,A,19,LM,899
399,miccal,A,19,LM,899
1399,plaere,A,19,LM,899
900,vulmic,B,19,LM,899
1400,brohor,B,19,LM,899
400,miccal,B,19,LM,899
1400,plaere,B,19,LM,899
701,vulmic,A,15,HUT,701
1701,brohor,A,15,HUT,701
701,miccal,A,15,HUT,701
1701,plaere,A,15,HUT,701
702,vulmic,B,15,HUT,701
1702,brohor,B,15,HUT,701
702,miccal,B,15,HUT,701
1702,plaere,B,15,HUT,701
703,vulmic,A,15,HUT,703
1703,brohor,A,15,HUT,703
703,miccal,A,15,HUT,703
1703,plaere,A,15,HUT,703
704,vulmic,B,15,HUT,703
1704,brohor,B,15,HUT,703
704,miccal,B,15,HUT,703
1704,plaere,B,15,HUT,703
705,vulmic,A,15,HUT,705
1705,brohor,A,15,HUT,705
705,miccal,A,15,HUT,705
1705,plaere,A,15,HUT,705
706,vulmic,B,15,HUT,705
1706,brohor,B,15,HUT,705
706,miccal,B,15,HUT,705
1706,plaere,B,15,HUT,705
707,vulmic,A,15,HUT,707
1707,brohor,A,15,HUT,707
707,miccal,A,15,HUT,707
1707,plaere,A,15,HUT,707
708,vulmic,B,15,HUT,707
1708,brohor,B,15,HUT,707
708,miccal,B,15,HUT,707
1708,plaere,B,15,HUT,707
709,vulmic,A,15,HUT,709
1709,brohor,A,15,HUT,709
709,miccal,A,15,HUT,709
1709,plaere,A,15,HUT,709
710,vulmic,B,15,HUT,709
1710,brohor,B,15,HUT,709
710,miccal,B,15,HUT,709
1710,plaere,B,15,HUT,709
711,vulmic,A,15,HUT,711
1711,brohor,A,15,HUT,711
711,miccal,A,15,HUT,711
1711,plaere,A,15,HUT,711
712,vulmic,B,15,HUT,711
1712,brohor,B,15,HUT,711
712,miccal,B,15,HUT,711
1712,plaere,B,15,HUT,711
713,vulmic,A,15,HUT,713
1713,brohor,A,15,HUT,713
713,miccal,A,15,HUT,713
1713,plaere,A,15,HUT,713
714,vulmic,B,15,HUT,713
1714,brohor,B,15,HUT,713
714,miccal,B,15,HUT,713
1714,plaere,B,15,HUT,713
715,vulmic,A,15,HUT,715
1715,brohor,A,15,HUT,715
715,miccal,A,15,HUT,715
1715,plaere,A,15,HUT,715
716,vulmic,B,15,HUT,715
1716,brohor,B,15,HUT,715
716,miccal,B,15,HUT,715
1716,plaere,B,15,HUT,715
717,vulmic,A,15,HUT,717
1717,brohor,A,15,HUT,717
717,miccal,A,15,HUT,717
1717,plaere,A,15,HUT,717
718,vulmic,B,15,HUT,717
1718,brohor,B,15,HUT,717
718,miccal,B,15,HUT,717
1718,plaere,B,15,HUT,717
719,vulmic,A,15,HUT,719
1719,brohor,A,15,HUT,719
719,miccal,A,15,HUT,719
1719,plaere,A,15,HUT,719
720,vulmic,B,15,HUT,719
1720,brohor,B,15,HUT,719
720,miccal,B,15,HUT,719
1720,plaere,B,15,HUT,719
721,vulmic,A,15,HUT,721
1721,brohor,A,15,HUT,721
721,miccal,A,15,HUT,721
1721,plaere,A,15,HUT,721
722,vulmic,B,15,HUT,721
1722,brohor,B,15,HUT,721
722,miccal,B,15,HUT,721
1722,plaere,B,15,HUT,721
723,vulmic,A,15,HUT,723
1723,brohor,A,15,HUT,723
723,miccal,A,15,HUT,723
1723,plaere,A,15,HUT,723
724,vulmic,B,15,HUT,723
1724,brohor,B,15,HUT,723
724,miccal,B,15,HUT,723
1724,plaere,B,15,HUT,723
725,vulmic,A,15,HUT,725
1725,brohor,A,15,HUT,725
725,miccal,A,15,HUT,725
1725,plaere,A,15,HUT,725
726,vulmic,B,15,HUT,725
1726,brohor,B,15,HUT,725
726,miccal,B,15,HUT,725
1726,plaere,B,15,HUT,725
727,vulmic,A,15,HUT,727
1727,brohor,A,15,HUT,727
727,miccal,A,15,HUT,727
1727,plaere,A,15,HUT,727
728,vulmic,B,15,HUT,727
1728,brohor,B,15,HUT,727
728,miccal,B,15,HUT,727
1728,plaere,B,15,HUT,727
729,vulmic,A,15,HUT,729
1729,brohor,A,15,HUT,729
729,miccal,A,15,HUT,729
1729,plaere,A,15,HUT,729
730,vulmic,B,15,HUT,729
1730,brohor,B,15,HUT,729
730,miccal,B,15,HUT,729
1730,plaere,B,15,HUT,729
731,vulmic,A,15,HUT,731
1731,brohor,A,15,HUT,731
731,miccal,A,15,HUT,731
1731,plaere,A,15,HUT,731
732,vulmic,B,15,HUT,731
1732,brohor,B,15,HUT,731
732,miccal,B,15,HUT,731
1732,plaere,B,15,HUT,731
733,vulmic,A,15,HUT,733
1733,brohor,A,15,HUT,733
733,miccal,A,15,HUT,733
1733,plaere,A,15,HUT,733
734,vulmic,B,15,HUT,733
1734,brohor,B,15,HUT,733
734,miccal,B,15,HUT,733
1734,plaere,B,15,HUT,733
735,vulmic,A,15,HUT,735
1735,brohor,A,15,HUT,735
735,miccal,A,15,HUT,735
1735,plaere,A,15,HUT,735
736,vulmic,B,15,HUT,735
1736,brohor,B,15,HUT,735
736,miccal,B,15,HUT,735
1736,plaere,B,15,HUT,735
737,vulmic,A,15,HUT,737
1737,brohor,A,15,HUT,737
737,miccal,A,15,HUT,737
1737,plaere,A,15,HUT,737
738,vulmic,B,15,HUT,737
1738,brohor,B,15,HUT,737
738,miccal,B,15,HUT,737
1738,plaere,B,15,HUT,737
739,vulmic,A,15,HUT,739
1739,brohor,A,15,HUT,739
739,miccal,A,15,HUT,739
1739,plaere,A,15,HUT,739
740,vulmic,B,15,HUT,739
1740,brohor,B,15,HUT,739
740,miccal,B,15,HUT,739
1740,plaere,B,15,HUT,739
741,vulmic,A,15,HUT,741
1741,brohor,A,15,HUT,741
741,miccal,A,15,HUT,741
1741,plaere,A,15,HUT,741
742,vulmic,B,15,HUT,741
1742,brohor,B,15,HUT,741
742,miccal,B,15,HUT,741
1742,plaere,B,15,HUT,741
743,vulmic,A,15,HUT,743
1743,brohor,A,15,HUT,743
743,miccal,A,15,HUT,743
1743,plaere,A,15,HUT,743
744,vulmic,B,15,HUT,743
1744,brohor,B,15,HUT,743
744,miccal,B,15,HUT,743
1744,plaere,B,15,HUT,743
745,vulmic,A,15,HUT,745
1745,brohor,A,15,HUT,745
745,miccal,A,15,HUT,745
1745,plaere,A,15,HUT,745
746,vulmic,B,15,HUT,745
1746,brohor,B,15,HUT,745
746,miccal,B,15,HUT,745
1746,plaere,B,15,HUT,745
747,vulmic,A,15,HUT,747
1747,brohor,A,15,HUT,747
747,miccal,A,15,HUT,747
1747,plaere,A,15,HUT,747
748,vulmic,B,15,HUT,747
1748,brohor,B,15,HUT,747
748,miccal,B,15,HUT,747
1748,plaere,B,15,HUT,747
749,vulmic,A,15,HUT,749
1749,brohor,A,15,HUT,749
749,miccal,A,15,HUT,749
1749,plaere,A,15,HUT,749
750,vulmic,B,15,HUT,749
1750,brohor,B,15,HUT,749
750,miccal,B,15,HUT,749
1750,plaere,B,15,HUT,749
651,vulmic,A,14,HUT,651
1651,brohor,A,14,HUT,651
651,miccal,A,14,HUT,651
1651,plaere,A,14,HUT,651
652,vulmic,B,14,HUT,651
1652,brohor,B,14,HUT,651
652,miccal,B,14,HUT,651
1652,plaere,B,14,HUT,651
653,vulmic,A,14,HUT,653
1653,brohor,A,14,HUT,653
653,miccal,A,14,HUT,653
1653,plaere,A,14,HUT,653
654,vulmic,B,14,HUT,653
1654,brohor,B,14,HUT,653
654,miccal,B,14,HUT,653
1654,plaere,B,14,HUT,653
655,vulmic,A,14,HUT,655
1655,brohor,A,14,HUT,655
655,miccal,A,14,HUT,655
1655,plaere,A,14,HUT,655
656,vulmic,B,14,HUT,655
1656,brohor,B,14,HUT,655
656,miccal,B,14,HUT,655
1656,plaere,B,14,HUT,655
657,vulmic,A,14,HUT,657
1657,brohor,A,14,HUT,657
657,miccal,A,14,HUT,657
1657,plaere,A,14,HUT,657
658,vulmic,B,14,HUT,657
1658,brohor,B,14,HUT,657
658,miccal,B,14,HUT,657
1658,plaere,B,14,HUT,657
659,vulmic,A,14,HUT,659
1659,brohor,A,14,HUT,659
659,miccal,A,14,HUT,659
1659,plaere,A,14,HUT,659
660,vulmic,B,14,HUT,659
1660,brohor,B,14,HUT,659
660,miccal,B,14,HUT,659
1660,plaere,B,14,HUT,659
661,vulmic,A,14,HUT,661
1661,brohor,A,14,HUT,661
661,miccal,A,14,HUT,661
1661,plaere,A,14,HUT,661
662,vulmic,B,14,HUT,661
1662,brohor,B,14,HUT,661
662,miccal,B,14,HUT,661
1662,plaere,B,14,HUT,661
663,vulmic,A,14,HUT,663
1663,brohor,A,14,HUT,663
663,miccal,A,14,HUT,663
1663,plaere,A,14,HUT,663
664,vulmic,B,14,HUT,663
1664,brohor,B,14,HUT,663
664,miccal,B,14,HUT,663
1664,plaere,B,14,HUT,663
665,vulmic,A,14,HUT,665
1665,brohor,A,14,HUT,665
665,miccal,A,14,HUT,665
1665,plaere,A,14,HUT,665
666,vulmic,B,14,HUT,665
1666,brohor,B,14,HUT,665
666,miccal,B,14,HUT,665
1666,plaere,B,14,HUT,665
667,vulmic,A,14,HUT,667
1667,brohor,A,14,HUT,667
667,miccal,A,14,HUT,667
1667,plaere,A,14,HUT,667
668,vulmic,B,14,HUT,667
1668,brohor,B,14,HUT,667
668,miccal,B,14,HUT,667
1668,plaere,B,14,HUT,667
669,vulmic,A,14,HUT,669
1669,brohor,A,14,HUT,669
669,miccal,A,14,HUT,669
1669,plaere,A,14,HUT,669
670,vulmic,B,14,HUT,669
1670,brohor,B,14,HUT,669
670,miccal,B,14,HUT,669
1670,plaere,B,14,HUT,669
671,vulmic,A,14,HUT,671
1671,brohor,A,14,HUT,671
671,miccal,A,14,HUT,671
1671,plaere,A,14,HUT,671
672,vulmic,B,14,HUT,671
1672,brohor,B,14,HUT,671
672,miccal,B,14,HUT,671
1672,plaere,B,14,HUT,671
673,vulmic,A,14,HUT,673
1673,brohor,A,14,HUT,673
673,miccal,A,14,HUT,673
1673,plaere,A,14,HUT,673
674,vulmic,B,14,HUT,673
1674,brohor,B,14,HUT,673
674,miccal,B,14,HUT,673
1674,plaere,B,14,HUT,673
675,vulmic,A,14,HUT,675
1675,brohor,A,14,HUT,675
675,miccal,A,14,HUT,675
1675,plaere,A,14,HUT,675
676,vulmic,B,14,HUT,675
1676,brohor,B,14,HUT,675
676,miccal,B,14,HUT,675
1676,plaere,B,14,HUT,675
677,vulmic,A,14,HUT,677
1677,brohor,A,14,HUT,677
677,miccal,A,14,HUT,677
1677,plaere,A,14,HUT,677
678,vulmic,B,14,HUT,677
1678,brohor,B,14,HUT,677
678,miccal,B,14,HUT,677
1678,plaere,B,14,HUT,677
679,vulmic,A,14,HUT,679
1679,brohor,A,14,HUT,679
679,miccal,A,14,HUT,679
1679,plaere,A,14,HUT,679
680,vulmic,B,14,HUT,679
1680,brohor,B,14,HUT,679
680,miccal,B,14,HUT,679
1680,plaere,B,14,HUT,679
681,vulmic,A,14,HUT,681
1681,brohor,A,14,HUT,681
681,miccal,A,14,HUT,681
1681,plaere,A,14,HUT,681
682,vulmic,B,14,HUT,681
1682,brohor,B,14,HUT,681
682,miccal,B,14,HUT,681
1682,plaere,B,14,HUT,681
683,vulmic,A,14,HUT,683
1683,brohor,A,14,HUT,683
683,miccal,A,14,HUT,683
1683,plaere,A,14,HUT,683
684,vulmic,B,14,HUT,683
1684,brohor,B,14,HUT,683
684,miccal,B,14,HUT,683
1684,plaere,B,14,HUT,683
685,vulmic,A,14,HUT,685
1685,brohor,A,14,HUT,685
685,miccal,A,14,HUT,685
1685,plaere,A,14,HUT,685
686,vulmic,B,14,HUT,685
1686,brohor,B,14,HUT,685
686,miccal,B,14,HUT,685
1686,plaere,B,14,HUT,685
687,vulmic,A,14,HUT,687
1687,brohor,A,14,HUT,687
687,miccal,A,14,HUT,687
1687,plaere,A,14,HUT,687
688,vulmic,B,14,HUT,687
1688,brohor,B,14,HUT,687
688,miccal,B,14,HUT,687
1688,plaere,B,14,HUT,687
689,vulmic,A,14,HUT,689
1689,brohor,A,14,HUT,689
689,miccal,A,14,HUT,689
1689,plaere,A,14,HUT,689
690,vulmic,B,14,HUT,689
1690,brohor,B,14,HUT,689
690,miccal,B,14,HUT,689
1690,plaere,B,14,HUT,689
691,vulmic,A,14,HUT,691
1691,brohor,A,14,HUT,691
691,miccal,A,14,HUT,691
1691,plaere,A,14,HUT,691
692,vulmic,B,14,HUT,691
1692,brohor,B,14,HUT,691
692,miccal,B,14,HUT,691
1692,plaere,B,14,HUT,691
693,vulmic,A,14,HUT,693
1693,brohor,A,14,HUT,693
693,miccal,A,14,HUT,693
1693,plaere,A,14,HUT,693
694,vulmic,B,14,HUT,693
1694,brohor,B,14,HUT,693
694,miccal,B,14,HUT,693
1694,plaere,B,14,HUT,693
695,vulmic,A,14,HUT,695
1695,brohor,A,14,HUT,695
695,miccal,A,14,HUT,695
1695,plaere,A,14,HUT,695
696,vulmic,B,14,HUT,695
1696,brohor,B,14,HUT,695
696,miccal,B,14,HUT,695
1696,plaere,B,14,HUT,695
697,vulmic,A,14,HUT,697
1697,brohor,A,14,HUT,697
697,miccal,A,14,HUT,697
1697,plaere,A,14,HUT,697
698,vulmic,B,14,HUT,697
1698,brohor,B,14,HUT,697
698,miccal,B,14,HUT,697
1698,plaere,B,14,HUT,697
699,vulmic,A,14,HUT,699
1699,brohor,A,14,HUT,699
699,miccal,A,14,HUT,699
1699,plaere,A,14,HUT,699
700,vulmic,B,14,HUT,699
1700,brohor,B,14,HUT,699
700,miccal,B,14,HUT,699
1700,plaere,B,14,HUT,699
601,vulmic,A,11,HUT,601
1601,brohor,A,11,HUT,601
601,miccal,A,11,HUT,601
1601,plaere,A,11,HUT,601
602,vulmic,B,11,HUT,601
1602,brohor,B,11,HUT,601
602,miccal,B,11,HUT,601
1602,plaere,B,11,HUT,601
603,vulmic,A,11,HUT,603
1603,brohor,A,11,HUT,603
603,miccal,A,11,HUT,603
1603,plaere,A,11,HUT,603
604,vulmic,B,11,HUT,603
1604,brohor,B,11,HUT,603
604,miccal,B,11,HUT,603
1604,plaere,B,11,HUT,603
605,vulmic,A,11,HUT,605
1605,brohor,A,11,HUT,605
605,miccal,A,11,HUT,605
1605,plaere,A,11,HUT,605
606,vulmic,B,11,HUT,605
1606,brohor,B,11,HUT,605
606,miccal,B,11,HUT,605
1606,plaere,B,11,HUT,605
607,vulmic,A,11,HUT,607
1607,brohor,A,11,HUT,607
607,miccal,A,11,HUT,607
1607,plaere,A,11,HUT,607
608,vulmic,B,11,HUT,607
1608,brohor,B,11,HUT,607
608,miccal,B,11,HUT,607
1608,plaere,B,11,HUT,607
609,vulmic,A,11,HUT,609
1609,brohor,A,11,HUT,609
609,miccal,A,11,HUT,609
1609,plaere,A,11,HUT,609
610,vulmic,B,11,HUT,609
1610,brohor,B,11,HUT,609
610,miccal,B,11,HUT,609
1610,plaere,B,11,HUT,609
611,vulmic,A,11,HUT,611
1611,brohor,A,11,HUT,611
611,miccal,A,11,HUT,611
1611,plaere,A,11,HUT,611
612,vulmic,B,11,HUT,611
1612,brohor,B,11,HUT,611
612,miccal,B,11,HUT,611
1612,plaere,B,11,HUT,611
613,vulmic,A,11,HUT,613
1613,brohor,A,11,HUT,613
613,miccal,A,11,HUT,613
1613,plaere,A,11,HUT,613
614,vulmic,B,11,HUT,613
1614,brohor,B,11,HUT,613
614,miccal,B,11,HUT,613
1614,plaere,B,11,HUT,613
615,vulmic,A,11,HUT,615
1615,brohor,A,11,HUT,615
615,miccal,A,11,HUT,615
1615,plaere,A,11,HUT,615
616,vulmic,B,11,HUT,615
1616,brohor,B,11,HUT,615
616,miccal,B,11,HUT,615
1616,plaere,B,11,HUT,615
617,vulmic,A,11,HUT,617
1617,brohor,A,11,HUT,617
617,miccal,A,11,HUT,617
1617,plaere,A,11,HUT,617
618,vulmic,B,11,HUT,617
1618,brohor,B,11,HUT,617
618,miccal,B,11,HUT,617
1618,plaere,B,11,HUT,617
619,vulmic,A,11,HUT,619
1619,brohor,A,11,HUT,619
619,miccal,A,11,HUT,619
1619,plaere,A,11,HUT,619
620,vulmic,B,11,HUT,619
1620,brohor,B,11,HUT,619
620,miccal,B,11,HUT,619
1620,plaere,B,11,HUT,619
621,vulmic,A,11,HUT,621
1621,brohor,A,11,HUT,621
621,miccal,A,11,HUT,621
1621,plaere,A,11,HUT,621
622,vulmic,B,11,HUT,621
1622,brohor,B,11,HUT,621
622,miccal,B,11,HUT,621
1622,plaere,B,11,HUT,621
623,vulmic,A,11,HUT,623
1623,brohor,A,11,HUT,623
623,miccal,A,11,HUT,623
1623,plaere,A,11,HUT,623
624,vulmic,B,11,HUT,623
1624,brohor,B,11,HUT,623
624,miccal,B,11,HUT,623
1624,plaere,B,11,HUT,623
625,vulmic,A,11,HUT,625
1625,brohor,A,11,HUT,625
625,miccal,A,11,HUT,625
1625,plaere,A,11,HUT,625
626,vulmic,B,11,HUT,625
1626,brohor,B,11,HUT,625
626,miccal,B,11,HUT,625
1626,plaere,B,11,HUT,625
627,vulmic,A,11,HUT,627
1627,brohor,A,11,HUT,627
627,miccal,A,11,HUT,627
1627,plaere,A,11,HUT,627
628,vulmic,B,11,HUT,627
1628,brohor,B,11,HUT,627
628,miccal,B,11,HUT,627
1628,plaere,B,11,HUT,627
629,vulmic,A,11,HUT,629
1629,brohor,A,11,HUT,629
629,miccal,A,11,HUT,629
1629,plaere,A,11,HUT,629
630,vulmic,B,11,HUT,629
1630,brohor,B,11,HUT,629
630,miccal,B,11,HUT,629
1630,plaere,B,11,HUT,629
631,vulmic,A,11,HUT,631
1631,brohor,A,11,HUT,631
631,miccal,A,11,HUT,631
1631,plaere,A,11,HUT,631
632,vulmic,B,11,HUT,631
1632,brohor,B,11,HUT,631
632,miccal,B,11,HUT,631
1632,plaere,B,11,HUT,631
633,vulmic,A,11,HUT,633
1633,brohor,A,11,HUT,633
633,miccal,A,11,HUT,633
1633,plaere,A,11,HUT,633
634,vulmic,B,11,HUT,633
1634,brohor,B,11,HUT,633
634,miccal,B,11,HUT,633
1634,plaere,B,11,HUT,633
635,vulmic,A,11,HUT,635
1635,brohor,A,11,HUT,635
635,miccal,A,11,HUT,635
1635,plaere,A,11,HUT,635
636,vulmic,B,11,HUT,635
1636,brohor,B,11,HUT,635
636,miccal,B,11,HUT,635
1636,plaere,B,11,HUT,635
637,vulmic,A,11,HUT,637
1637,brohor,A,11,HUT,637
637,miccal,A,11,HUT,637
1637,plaere,A,11,HUT,637
638,vulmic,B,11,HUT,637
1638,brohor,B,11,HUT,637
638,miccal,B,11,HUT,637
1638,plaere,B,11,HUT,637
639,vulmic,A,11,HUT,639
1639,brohor,A,11,HUT,639
639,miccal,A,11,HUT,639
1639,plaere,A,11,HUT,639
640,vulmic,B,11,HUT,639
1640,brohor,B,11,HUT,639
640,miccal,B,11,HUT,639
1640,plaere,B,11,HUT,639
641,vulmic,A,11,HUT,641
1641,brohor,A,11,HUT,641
641,miccal,A,11,HUT,641
1641,plaere,A,11,HUT,641
642,vulmic,B,11,HUT,641
1642,brohor,B,11,HUT,641
642,miccal,B,11,HUT,641
1642,plaere,B,11,HUT,641
643,vulmic,A,11,HUT,643
1643,brohor,A,11,HUT,643
643,miccal,A,11,HUT,643
1643,plaere,A,11,HUT,643
644,vulmic,B,11,HUT,643
1644,brohor,B,11,HUT,643
644,miccal,B,11,HUT,643
1644,plaere,B,11,HUT,643
645,vulmic,A,11,HUT,645
1645,brohor,A,11,HUT,645
645,miccal,A,11,HUT,645
1645,plaere,A,11,HUT,645
646,vulmic,B,11,HUT,645
1646,brohor,B,11,HUT,645
646,miccal,B,11,HUT,645
1646,plaere,B,11,HUT,645
647,vulmic,A,11,HUT,647
1647,brohor,A,11,HUT,647
647,miccal,A,11,HUT,647
1647,plaere,A,11,HUT,647
648,vulmic,B,11,HUT,647
1648,brohor,B,11,HUT,647
648,miccal,B,11,HUT,647
1648,plaere,B,11,HUT,647
649,vulmic,A,11,HUT,649
1649,brohor,A,11,HUT,649
649,miccal,A,11,HUT,649
1649,plaere,A,11,HUT,649
650,vulmic,B,11,HUT,649
1650,brohor,B,11,HUT,649
650,miccal,B,11,HUT,649
1650,plaere,B,11,HUT,649
801,vulmic,A,21,KNOX,801
1801,brohor,A,21,KNOX,801
801,miccal,A,21,KNOX,801
1801,plaere,A,21,KNOX,801
802,vulmic,B,21,KNOX,801
1802,brohor,B,21,KNOX,801
802,miccal,B,21,KNOX,801
1802,plaere,B,21,KNOX,801
803,vulmic,A,21,KNOX,803
1803,brohor,A,21,KNOX,803
803,miccal,A,21,KNOX,803
1803,plaere,A,21,KNOX,803
804,vulmic,B,21,KNOX,803
1804,brohor,B,21,KNOX,803
804,miccal,B,21,KNOX,803
1804,plaere,B,21,KNOX,803
805,vulmic,A,21,KNOX,805
1805,brohor,A,21,KNOX,805
805,miccal,A,21,KNOX,805
1805,plaere,A,21,KNOX,805
806,vulmic,B,21,KNOX,805
1806,brohor,B,21,KNOX,805
806,miccal,B,21,KNOX,805
1806,plaere,B,21,KNOX,805
807,vulmic,A,21,KNOX,807
1807,brohor,A,21,KNOX,807
807,miccal,A,21,KNOX,807
1807,plaere,A,21,KNOX,807
808,vulmic,B,21,KNOX,807
1808,brohor,B,21,KNOX,807
808,miccal,B,21,KNOX,807
1808,plaere,B,21,KNOX,807
809,vulmic,A,21,KNOX,809
1809,brohor,A,21,KNOX,809
809,miccal,A,21,KNOX,809
1809,plaere,A,21,KNOX,809
810,vulmic,B,21,KNOX,809
1810,brohor,B,21,KNOX,809
810,miccal,B,21,KNOX,809
1810,plaere,B,21,KNOX,809
811,vulmic,A,21,KNOX,811
1811,brohor,A,21,KNOX,811
811,miccal,A,21,KNOX,811
1811,plaere,A,21,KNOX,811
812,vulmic,B,21,KNOX,811
1812,brohor,B,21,KNOX,811
812,miccal,B,21,KNOX,811
1812,plaere,B,21,KNOX,811
813,vulmic,A,21,KNOX,813
1813,brohor,A,21,KNOX,813
813,miccal,A,21,KNOX,813
1813,plaere,A,21,KNOX,813
814,vulmic,B,21,KNOX,813
1814,brohor,B,21,KNOX,813
814,miccal,B,21,KNOX,813
1814,plaere,B,21,KNOX,813
815,vulmic,A,21,KNOX,815
1815,brohor,A,21,KNOX,815
815,miccal,A,21,KNOX,815
1815,plaere,A,21,KNOX,815
816,vulmic,B,21,KNOX,815
1816,brohor,B,21,KNOX,815
816,miccal,B,21,KNOX,815
1816,plaere,B,21,KNOX,815
817,vulmic,A,21,KNOX,817
1817,brohor,A,21,KNOX,817
817,miccal,A,21,KNOX,817
1817,plaere,A,21,KNOX,817
818,vulmic,B,21,KNOX,817
1818,brohor,B,21,KNOX,817
818,miccal,B,21,KNOX,817
1818,plaere,B,21,KNOX,817
819,vulmic,A,21,KNOX,819
1819,brohor,A,21,KNOX,819
819,miccal,A,21,KNOX,819
1819,plaere,A,21,KNOX,819
820,vulmic,B,21,KNOX,819
1820,brohor,B,21,KNOX,819
820,miccal,B,21,KNOX,819
1820,plaere,B,21,KNOX,819
821,vulmic,A,21,KNOX,821
1821,brohor,A,21,KNOX,821
821,miccal,A,21,KNOX,821
1821,plaere,A,21,KNOX,821
822,vulmic,B,21,KNOX,821
1822,brohor,B,21,KNOX,821
822,miccal,B,21,KNOX,821
1822,plaere,B,21,KNOX,821
823,vulmic,A,21,KNOX,823
1823,brohor,A,21,KNOX,823
823,miccal,A,21,KNOX,823
1823,plaere,A,21,KNOX,823
824,vulmic,B,21,KNOX,823
1824,brohor,B,21,KNOX,823
824,miccal,B,21,KNOX,823
1824,plaere,B,21,KNOX,823
825,vulmic,A,21,KNOX,825
1825,brohor,A,21,KNOX,825
825,miccal,A,21,KNOX,825
1825,plaere,A,21,KNOX,825
826,vulmic,B,21,KNOX,825
1826,brohor,B,21,KNOX,825
826,miccal,B,21,KNOX,825
1826,plaere,B,21,KNOX,825
827,vulmic,A,21,KNOX,827
1827,brohor,A,21,KNOX,827
827,miccal,A,21,KNOX,827
1827,plaere,A,21,KNOX,827
828,vulmic,B,21,KNOX,827
1828,brohor,B,21,KNOX,827
828,miccal,B,21,KNOX,827
1828,plaere,B,21,KNOX,827
829,vulmic,A,21,KNOX,829
1829,brohor,A,21,KNOX,829
829,miccal,A,21,KNOX,829
1829,plaere,A,21,KNOX,829
830,vulmic,B,21,KNOX,829
1830,brohor,B,21,KNOX,829
830,miccal,B,21,KNOX,829
1830,plaere,B,21,KNOX,829
831,vulmic,A,21,KNOX,831
1831,brohor,A,21,KNOX,831
831,miccal,A,21,KNOX,831
1831,plaere,A,21,KNOX,831
832,vulmic,B,21,KNOX,831
1832,brohor,B,21,KNOX,831
832,miccal,B,21,KNOX,831
1832,plaere,B,21,KNOX,831
833,vulmic,A,21,KNOX,833
1833,brohor,A,21,KNOX,833
833,miccal,A,21,KNOX,833
1833,plaere,A,21,KNOX,833
834,vulmic,B,21,KNOX,833
1834,brohor,B,21,KNOX,833
834,miccal,B,21,KNOX,833
1834,plaere,B,21,KNOX,833
835,vulmic,A,21,KNOX,835
1835,brohor,A,21,KNOX,835
835,miccal,A,21,KNOX,835
1835,plaere,A,21,KNOX,835
836,vulmic,B,21,KNOX,835
1836,brohor,B,21,KNOX,835
836,miccal,B,21,KNOX,835
1836,plaere,B,21,KNOX,835
837,vulmic,A,21,KNOX,837
1837,brohor,A,21,KNOX,837
837,miccal,A,21,KNOX,837
1837,plaere,A,21,KNOX,837
838,vulmic,B,21,KNOX,837
1838,brohor,B,21,KNOX,837
838,miccal,B,21,KNOX,837
1838,plaere,B,21,KNOX,837
839,vulmic,A,21,KNOX,839
1839,brohor,A,21,KNOX,839
839,miccal,A,21,KNOX,839
1839,plaere,A,21,KNOX,839
840,vulmic,B,21,KNOX,839
1840,brohor,B,21,KNOX,839
840,miccal,B,21,KNOX,839
1840,plaere,B,21,KNOX,839
841,vulmic,A,21,KNOX,841
1841,brohor,A,21,KNOX,841
841,miccal,A,21,KNOX,841
1841,plaere,A,21,KNOX,841
842,vulmic,B,21,KNOX,841
1842,brohor,B,21,KNOX,841
842,miccal,B,21,KNOX,841
1842,plaere,B,21,KNOX,841
843,vulmic,A,21,KNOX,843
1843,brohor,A,21,KNOX,843
843,miccal,A,21,KNOX,843
1843,plaere,A,21,KNOX,843
844,vulmic,B,21,KNOX,843
1844,brohor,B,21,KNOX,843
844,miccal,B,21,KNOX,843
1844,plaere,B,21,KNOX,843
845,vulmic,A,21,KNOX,845
1845,brohor,A,21,KNOX,845
845,miccal,A,21,KNOX,845
1845,plaere,A,21,KNOX,845
846,vulmic,B,21,KNOX,845
1846,brohor,B,21,KNOX,845
846,miccal,B,21,KNOX,845
1846,plaere,B,21,KNOX,845
847,vulmic,A,21,KNOX,847
1847,brohor,A,21,KNOX,847
847,miccal,A,21,KNOX,847
1847,plaere,A,21,KNOX,847
848,vulmic,B,21,KNOX,847
1848,brohor,B,21,KNOX,847
848,miccal,B,21,KNOX,847
1848,plaere,B,21,KNOX,847
849,vulmic,A,21,KNOX,849
1849,brohor,A,21,KNOX,849
849,miccal,A,21,KNOX,849
1849,plaere,A,21,KNOX,849
850,vulmic,B,21,KNOX,849
1850,brohor,B,21,KNOX,849
850,miccal,B,21,KNOX,849
1850,plaere,B,21,KNOX,849
751,vulmic,A,22,KNOX,751
1751,brohor,A,22,KNOX,751
751,miccal,A,22,KNOX,751
1751,plaere,A,22,KNOX,751
752,vulmic,B,22,KNOX,751
1752,brohor,B,22,KNOX,751
752,miccal,B,22,KNOX,751
1752,plaere,B,22,KNOX,751
753,vulmic,A,22,KNOX,753
1753,brohor,A,22,KNOX,753
753,miccal,A,22,KNOX,753
1753,plaere,A,22,KNOX,753
754,vulmic,B,22,KNOX,753
1754,brohor,B,22,KNOX,753
754,miccal,B,22,KNOX,753
1754,plaere,B,22,KNOX,753
755,vulmic,A,22,KNOX,755
1755,brohor,A,22,KNOX,755
755,miccal,A,22,KNOX,755
1755,plaere,A,22,KNOX,755
756,vulmic,B,22,KNOX,755
1756,brohor,B,22,KNOX,755
756,miccal,B,22,KNOX,755
1756,plaere,B,22,KNOX,755
757,vulmic,A,22,KNOX,757
1757,brohor,A,22,KNOX,757
757,miccal,A,22,KNOX,757
1757,plaere,A,22,KNOX,757
758,vulmic,B,22,KNOX,757
1758,brohor,B,22,KNOX,757
758,miccal,B,22,KNOX,757
1758,plaere,B,22,KNOX,757
759,vulmic,A,22,KNOX,759
1759,brohor,A,22,KNOX,759
759,miccal,A,22,KNOX,759
1759,plaere,A,22,KNOX,759
760,vulmic,B,22,KNOX,759
1760,brohor,B,22,KNOX,759
760,miccal,B,22,KNOX,759
1760,plaere,B,22,KNOX,759
761,vulmic,A,22,KNOX,761
1761,brohor,A,22,KNOX,761
761,miccal,A,22,KNOX,761
1761,plaere,A,22,KNOX,761
762,vulmic,B,22,KNOX,761
1762,brohor,B,22,KNOX,761
762,miccal,B,22,KNOX,761
1762,plaere,B,22,KNOX,761
763,vulmic,A,22,KNOX,763
1763,brohor,A,22,KNOX,763
763,miccal,A,22,KNOX,763
1763,plaere,A,22,KNOX,763
764,vulmic,B,22,KNOX,763
1764,brohor,B,22,KNOX,763
764,miccal,B,22,KNOX,763
1764,plaere,B,22,KNOX,763
765,vulmic,A,22,KNOX,765
1765,brohor,A,22,KNOX,765
765,miccal,A,22,KNOX,765
1765,plaere,A,22,KNOX,765
766,vulmic,B,22,KNOX,765
1766,brohor,B,22,KNOX,765
766,miccal,B,22,KNOX,765
1766,plaere,B,22,KNOX,765
767,vulmic,A,22,KNOX,767
1767,brohor,A,22,KNOX,767
767,miccal,A,22,KNOX,767
1767,plaere,A,22,KNOX,767
768,vulmic,B,22,KNOX,767
1768,brohor,B,22,KNOX,767
768,miccal,B,22,KNOX,767
1768,plaere,B,22,KNOX,767
769,vulmic,A,22,KNOX,769
1769,brohor,A,22,KNOX,769
769,miccal,A,22,KNOX,769
1769,plaere,A,22,KNOX,769
770,vulmic,B,22,KNOX,769
1770,brohor,B,22,KNOX,769
770,miccal,B,22,KNOX,769
1770,plaere,B,22,KNOX,769
771,vulmic,A,22,KNOX,771
1771,brohor,A,22,KNOX,771
771,miccal,A,22,KNOX,771
1771,plaere,A,22,KNOX,771
772,vulmic,B,22,KNOX,771
1772,brohor,B,22,KNOX,771
772,miccal,B,22,KNOX,771
1772,plaere,B,22,KNOX,771
773,vulmic,A,22,KNOX,773
1773,brohor,A,22,KNOX,773
773,miccal,A,22,KNOX,773
1773,plaere,A,22,KNOX,773
774,vulmic,B,22,KNOX,773
1774,brohor,B,22,KNOX,773
774,miccal,B,22,KNOX,773
1774,plaere,B,22,KNOX,773
775,vulmic,A,22,KNOX,775
1775,brohor,A,22,KNOX,775
775,miccal,A,22,KNOX,775
1775,plaere,A,22,KNOX,775
776,vulmic,B,22,KNOX,775
1776,brohor,B,22,KNOX,775
776,miccal,B,22,KNOX,775
1776,plaere,B,22,KNOX,775
777,vulmic,A,22,KNOX,777
1777,brohor,A,22,KNOX,777
777,miccal,A,22,KNOX,777
1777,plaere,A,22,KNOX,777
778,vulmic,B,22,KNOX,777
1778,brohor,B,22,KNOX,777
778,miccal,B,22,KNOX,777
1778,plaere,B,22,KNOX,777
779,vulmic,A,22,KNOX,779
1779,brohor,A,22,KNOX,779
779,miccal,A,22,KNOX,779
1779,plaere,A,22,KNOX,779
780,vulmic,B,22,KNOX,779
1780,brohor,B,22,KNOX,779
780,miccal,B,22,KNOX,779
1780,plaere,B,22,KNOX,779
781,vulmic,A,22,KNOX,781
1781,brohor,A,22,KNOX,781
781,miccal,A,22,KNOX,781
1781,plaere,A,22,KNOX,781
782,vulmic,B,22,KNOX,781
1782,brohor,B,22,KNOX,781
782,miccal,B,22,KNOX,781
1782,plaere,B,22,KNOX,781
783,vulmic,A,22,KNOX,783
1783,brohor,A,22,KNOX,783
783,miccal,A,22,KNOX,783
1783,plaere,A,22,KNOX,783
784,vulmic,B,22,KNOX,783
1784,brohor,B,22,KNOX,783
784,miccal,B,22,KNOX,783
1784,plaere,B,22,KNOX,783
785,vulmic,A,22,KNOX,785
1785,brohor,A,22,KNOX,785
785,miccal,A,22,KNOX,785
1785,plaere,A,22,KNOX,785
786,vulmic,B,22,KNOX,785
1786,brohor,B,22,KNOX,785
786,miccal,B,22,KNOX,785
1786,plaere,B,22,KNOX,785
787,vulmic,A,22,KNOX,787
1787,brohor,A,22,KNOX,787
787,miccal,A,22,KNOX,787
1787,plaere,A,22,KNOX,787
788,vulmic,B,22,KNOX,787
1788,brohor,B,22,KNOX,787
788,miccal,B,22,KNOX,787
1788,plaere,B,22,KNOX,787
789,vulmic,A,22,KNOX,789
1789,brohor,A,22,KNOX,789
789,miccal,A,22,KNOX,789
1789,plaere,A,22,KNOX,789
790,vulmic,B,22,KNOX,789
1790,brohor,B,22,KNOX,789
790,miccal,B,22,KNOX,789
1790,plaere,B,22,KNOX,789
791,vulmic,A,22,KNOX,791
1791,brohor,A,22,KNOX,791
791,miccal,A,22,KNOX,791
1791,plaere,A,22,KNOX,791
792,vulmic,B,22,KNOX,791
1792,brohor,B,22,KNOX,791
792,miccal,B,22,KNOX,791
1792,plaere,B,22,KNOX,791
793,vulmic,A,22,KNOX,793
1793,brohor,A,22,KNOX,793
793,miccal,A,22,KNOX,793
1793,plaere,A,22,KNOX,793
794,vulmic,B,22,KNOX,793
1794,brohor,B,22,KNOX,793
794,miccal,B,22,KNOX,793
1794,plaere,B,22,KNOX,793
795,vulmic,A,22,KNOX,795
1795,brohor,A,22,KNOX,795
795,miccal,A,22,KNOX,795
1795,plaere,A,22,KNOX,795
796,vulmic,B,22,KNOX,795
1796,brohor,B,22,KNOX,795
796,miccal,B,22,KNOX,795
1796,plaere,B,22,KNOX,795
797,vulmic,A,22,KNOX,797
1797,brohor,A,22,KNOX,797
797,miccal,A,22,KNOX,797
1797,plaere,A,22,KNOX,797
798,vulmic,B,22,KNOX,797
1798,brohor,B,22,KNOX,797
798,miccal,B,22,KNOX,797
1798,plaere,B,22,KNOX,797
799,vulmic,A,22,KNOX,799
1799,brohor,A,22,KNOX,799
799,miccal,A,22,KNOX,799
1799,plaere,A,22,KNOX,799
800,vulmic,B,22,KNOX,799
1800,brohor,B,22,KNOX,799
800,miccal,B,22,KNOX,799
1800,plaere,B,22,KNOX,799
851,vulmic,A,25,KNOX,851
1851,brohor,A,25,KNOX,851
851,miccal,A,25,KNOX,851
1851,plaere,A,25,KNOX,851
852,vulmic,B,25,KNOX,851
1852,brohor,B,25,KNOX,851
852,miccal,B,25,KNOX,851
1852,plaere,B,25,KNOX,851
853,vulmic,A,25,KNOX,853
1853,brohor,A,25,KNOX,853
853,miccal,A,25,KNOX,853
1853,plaere,A,25,KNOX,853
854,vulmic,B,25,KNOX,853
1854,brohor,B,25,KNOX,853
854,miccal,B,25,KNOX,853
1854,plaere,B,25,KNOX,853
855,vulmic,A,25,KNOX,855
1855,brohor,A,25,KNOX,855
855,miccal,A,25,KNOX,855
1855,plaere,A,25,KNOX,855
856,vulmic,B,25,KNOX,855
1856,brohor,B,25,KNOX,855
856,miccal,B,25,KNOX,855
1856,plaere,B,25,KNOX,855
857,vulmic,A,25,KNOX,857
1857,brohor,A,25,KNOX,857
857,miccal,A,25,KNOX,857
1857,plaere,A,25,KNOX,857
858,vulmic,B,25,KNOX,857
1858,brohor,B,25,KNOX,857
858,miccal,B,25,KNOX,857
1858,plaere,B,25,KNOX,857
859,vulmic,A,25,KNOX,859
1859,brohor,A,25,KNOX,859
859,miccal,A,25,KNOX,859
1859,plaere,A,25,KNOX,859
860,vulmic,B,25,KNOX,859
1860,brohor,B,25,KNOX,859
860,miccal,B,25,KNOX,859
1860,plaere,B,25,KNOX,859
861,vulmic,A,25,KNOX,861
1861,brohor,A,25,KNOX,861
861,miccal,A,25,KNOX,861
1861,plaere,A,25,KNOX,861
862,vulmic,B,25,KNOX,861
1862,brohor,B,25,KNOX,861
862,miccal,B,25,KNOX,861
1862,plaere,B,25,KNOX,861
863,vulmic,A,25,KNOX,863
1863,brohor,A,25,KNOX,863
863,miccal,A,25,KNOX,863
1863,plaere,A,25,KNOX,863
864,vulmic,B,25,KNOX,863
1864,brohor,B,25,KNOX,863
864,miccal,B,25,KNOX,863
1864,plaere,B,25,KNOX,863
865,vulmic,A,25,KNOX,865
1865,brohor,A,25,KNOX,865
865,miccal,A,25,KNOX,865
1865,plaere,A,25,KNOX,865
866,vulmic,B,25,KNOX,865
1866,brohor,B,25,KNOX,865
866,miccal,B,25,KNOX,865
1866,plaere,B,25,KNOX,865
867,vulmic,A,25,KNOX,867
1867,brohor,A,25,KNOX,867
867,miccal,A,25,KNOX,867
1867,plaere,A,25,KNOX,867
868,vulmic,B,25,KNOX,867
1868,brohor,B,25,KNOX,867
868,miccal,B,25,KNOX,867
1868,plaere,B,25,KNOX,867
869,vulmic,A,25,KNOX,869
1869,brohor,A,25,KNOX,869
869,miccal,A,25,KNOX,869
1869,plaere,A,25,KNOX,869
870,vulmic,B,25,KNOX,869
1870,brohor,B,25,KNOX,869
870,miccal,B,25,KNOX,869
1870,plaere,B,25,KNOX,869
871,vulmic,A,25,KNOX,871
1871,brohor,A,25,KNOX,871
871,miccal,A,25,KNOX,871
1871,plaere,A,25,KNOX,871
872,vulmic,B,25,KNOX,871
1872,brohor,B,25,KNOX,871
872,miccal,B,25,KNOX,871
1872,plaere,B,25,KNOX,871
873,vulmic,A,25,KNOX,873
1873,brohor,A,25,KNOX,873
873,miccal,A,25,KNOX,873
1873,plaere,A,25,KNOX,873
874,vulmic,B,25,KNOX,873
1874,brohor,B,25,KNOX,873
874,miccal,B,25,KNOX,873
1874,plaere,B,25,KNOX,873
875,vulmic,A,25,KNOX,875
1875,brohor,A,25,KNOX,875
875,miccal,A,25,KNOX,875
1875,plaere,A,25,KNOX,875
876,vulmic,B,25,KNOX,875
1876,brohor,B,25,KNOX,875
876,miccal,B,25,KNOX,875
1876,plaere,B,25,KNOX,875
877,vulmic,A,25,KNOX,877
1877,brohor,A,25,KNOX,877
877,miccal,A,25,KNOX,877
1877,plaere,A,25,KNOX,877
878,vulmic,B,25,KNOX,877
1878,brohor,B,25,KNOX,877
878,miccal,B,25,KNOX,877
1878,plaere,B,25,KNOX,877
879,vulmic,A,25,KNOX,879
1879,brohor,A,25,KNOX,879
879,miccal,A,25,KNOX,879
1879,plaere,A,25,KNOX,879
880,vulmic,B,25,KNOX,879
1880,brohor,B,25,KNOX,879
880,miccal,B,25,KNOX,879
1880,plaere,B,25,KNOX,879
881,vulmic,A,25,KNOX,881
1881,brohor,A,25,KNOX,881
881,miccal,A,25,KNOX,881
1881,plaere,A,25,KNOX,881
882,vulmic,B,25,KNOX,881
1882,brohor,B,25,KNOX,881
882,miccal,B,25,KNOX,881
1882,plaere,B,25,KNOX,881
883,vulmic,A,25,KNOX,883
1883,brohor,A,25,KNOX,883
883,miccal,A,25,KNOX,883
1883,plaere,A,25,KNOX,883
884,vulmic,B,25,KNOX,883
1884,brohor,B,25,KNOX,883
884,miccal,B,25,KNOX,883
1884,plaere,B,25,KNOX,883
885,vulmic,A,25,KNOX,885
1885,brohor,A,25,KNOX,885
885,miccal,A,25,KNOX,885
1885,plaere,A,25,KNOX,885
886,vulmic,B,25,KNOX,885
1886,brohor,B,25,KNOX,885
886,miccal,B,25,KNOX,885
1886,plaere,B,25,KNOX,885
887,vulmic,A,25,KNOX,887
1887,brohor,A,25,KNOX,887
887,miccal,A,25,KNOX,887
1887,plaere,A,25,KNOX,887
888,vulmic,B,25,KNOX,887
1888,brohor,B,25,KNOX,887
888,miccal,B,25,KNOX,887
1888,plaere,B,25,KNOX,887
889,vulmic,A,25,KNOX,889
1889,brohor,A,25,KNOX,889
889,miccal,A,25,KNOX,889
1889,plaere,A,25,KNOX,889
890,vulmic,B,25,KNOX,889
1890,brohor,B,25,KNOX,889
890,miccal,B,25,KNOX,889
1890,plaere,B,25,KNOX,889
891,vulmic,A,25,KNOX,891
1891,brohor,A,25,KNOX,891
891,miccal,A,25,KNOX,891
1891,plaere,A,25,KNOX,891
892,vulmic,B,25,KNOX,891
1892,brohor,B,25,KNOX,891
892,miccal,B,25,KNOX,891
1892,plaere,B,25,KNOX,891
893,vulmic,A,25,KNOX,893
1893,brohor,A,25,KNOX,893
893,miccal,A,25,KNOX,893
1893,plaere,A,25,KNOX,893
894,vulmic,B,25,KNOX,893
1894,brohor,B,25,KNOX,893
894,miccal,B,25,KNOX,893
1894,plaere,B,25,KNOX,893
895,vulmic,A,25,KNOX,895
1895,brohor,A,25,KNOX,895
895,miccal,A,25,KNOX,895
1895,plaere,A,25,KNOX,895
896,vulmic,B,25,KNOX,895
1896,brohor,B,25,KNOX,895
896,miccal,B,25,KNOX,895
1896,plaere,B,25,KNOX,895
897,vulmic,A,25,KNOX,897
1897,brohor,A,25,KNOX,897
897,miccal,A,25,KNOX,897
1897,plaere,A,25,KNOX,897
898,vulmic,B,25,KNOX,897
1898,brohor,B,25,KNOX,897
898,miccal,B,25,KNOX,897
1898,plaere,B,25,KNOX,897
899,vulmic,A,25,KNOX,899
1899,brohor,A,25,KNOX,899
899,miccal,A,25,KNOX,899
1899,plaere,A,25,KNOX,899
900,vulmic,B,25,KNOX,899
1900,brohor,B,25,KNOX,899
900,miccal,B,25,KNOX,899
1900,plaere,B,25,KNOX,899
