tag,species,treatment,grid,site,status,seed
1501,brohor,A,1,TAIL,missing,
1502,brohor,B,1,TAIL,,4
1503,brohor,A,1,TAIL,missing,
1504,brohor,B,1,TAIL,missing,
1505,brohor,A,1,TAIL,missing,
1506,brohor,B,1,TAIL,zero,0
1507,brohor,A,1,TAIL,missing,
1508,brohor,B,1,TAIL,zero,0
1509,brohor,A,1,TAIL,missing,
1510,brohor,B,1,TAIL,,3
1511,brohor,A,1,TAIL,zero,0
1512,brohor,B,1,TAIL,zero,0
1513,brohor,A,1,TAIL,zero,0
1514,brohor,B,1,TAIL,,1
1515,brohor,A,1,TAIL,zero,0
1516,brohor,B,1,TAIL,zero,0
1517,brohor,A,1,TAIL,no fruit,0
1518,brohor,B,1,TAIL,zero,0
1519,brohor,A,1,TAIL,missing,
1520,brohor,B,1,TAIL,missing,
1521,brohor,A,1,TAIL,zero,0
1522,brohor,B,1,TAIL,zero,0
1523,brohor,A,1,TAIL,missing,
1524,brohor,B,1,TAIL,zero,0
1525,brohor,A,1,TAIL,no pipe,0
1526,brohor,B,1,TAIL,zero,0
1527,brohor,A,1,TAIL,missing,
1528,brohor,B,1,TAIL,,3
1529,brohor,A,1,TAIL,,7
1530,brohor,B,1,TAIL,zero,0
1531,brohor,A,1,TAIL,,8
1532,brohor,B,1,TAIL,zero,0
1533,brohor,A,1,TAIL,no pipe,0
1534,brohor,B,1,TAIL,zero,0
1535,brohor,A,1,TAIL,,6
1536,brohor,B,1,TAIL,zero,0
1537,brohor,A,1,TAIL,herbivory,
1538,brohor,B,1,TAIL,,4
1539,brohor,A,1,TAIL,,0
1540,brohor,B,1,TAIL,zero,0
1541,brohor,A,1,TAIL,,3
1542,brohor,B,1,TAIL,,2
1543,brohor,A,1,TAIL,,4
1544,brohor,B,1,TAIL,zero,0
1545,brohor,A,1,TAIL,zero,0
1546,brohor,B,1,TAIL,zero,0
1547,brohor,A,1,TAIL,,24
1548,brohor,B,1,TAIL,,0
1549,brohor,A,1,TAIL,,16
1550,brohor,B,1,TAIL,zero,0
1101,brohor,A,2,TAIL,missing,
1102,brohor,B,2,TAIL,zero,0
1103,brohor,A,2,TAIL,missing,
1104,brohor,B,2,TAIL,missing,
1105,brohor,A,2,TAIL,missing,
1106,brohor,B,2,TAIL,missing,
1107,brohor,A,2,TAIL,missing,
1108,brohor,B,2,TAIL,,3
1109,brohor,A,2,TAIL,,13
1110,brohor,B,2,TAIL,zero,0
1111,brohor,A,2,TAIL,zero,0
1112,brohor,B,2,TAIL,,1
1113,brohor,A,2,TAIL,zero,0
1114,brohor,B,2,TAIL,,0
1115,brohor,A,2,TAIL,missing,
1116,brohor,B,2,TAIL,zero,0
1117,brohor,A,2,TAIL,missing,
1118,brohor,B,2,TAIL,,5
1119,brohor,A,2,TAIL,,0
1120,brohor,B,2,TAIL,zero,0
1121,brohor,A,2,TAIL,missing,
1122,brohor,B,2,TAIL,zero,0
1123,brohor,A,2,TAIL,missing,
1124,brohor,B,2,TAIL,,3
1125,brohor,A,2,TAIL,zero,0
1126,brohor,B,2,TAIL,,1
1127,brohor,A,2,TAIL,missing,
1128,brohor,B,2,TAIL,zero,0
1129,brohor,A,2,TAIL,,6
1130,brohor,B,2,TAIL,,0
1131,brohor,A,2,TAIL,missing,
1132,brohor,B,2,TAIL,zero,0
1133,brohor,A,2,TAIL,zero,0
1134,brohor,B,2,TAIL,zero,0
1135,brohor,A,2,TAIL,missing,
1136,brohor,B,2,TAIL,,2
1137,brohor,A,2,TAIL,missing,
1138,brohor,B,2,TAIL,zero,0
1139,brohor,A,2,TAIL,missing,
1140,brohor,B,2,TAIL,missing,
1141,brohor,A,2,TAIL,no pipe,9
1142,brohor,B,2,TAIL,,1
1143,brohor,A,2,TAIL,zero,0
1144,brohor,B,2,TAIL,zero,0
1145,brohor,A,2,TAIL,,2
1146,brohor,B,2,TAIL,missing,
1147,brohor,A,2,TAIL,no pipe,11
1148,brohor,B,2,TAIL,,2
1149,brohor,A,2,TAIL,zero,0
1150,brohor,B,2,TAIL,zero,0
1551,brohor,A,5,TAIL,zero,0
1552,brohor,B,5,TAIL,missing,
1553,brohor,A,5,TAIL,zero,0
1554,brohor,B,5,TAIL,,6
1555,brohor,A,5,TAIL,zero,0
1556,brohor,B,5,TAIL,zero,0
1557,brohor,A,5,TAIL,zero,0
1558,brohor,B,5,TAIL,zero,0
1559,brohor,A,5,TAIL,zero,0
1560,brohor,B,5,TAIL,zero,0
1561,brohor,A,5,TAIL,zero,0
1562,brohor,B,5,TAIL,zero,0
1563,brohor,A,5,TAIL,zero,0
1564,brohor,B,5,TAIL,zero,0
1565,brohor,A,5,TAIL,zero,0
1566,brohor,B,5,TAIL,zero,0
1567,brohor,A,5,TAIL,,9
1568,brohor,B,5,TAIL,,4
1569,brohor,A,5,TAIL,,1
1570,brohor,B,5,TAIL,,4
1571,brohor,A,5,TAIL,,1
1572,brohor,B,5,TAIL,,1
1573,brohor,A,5,TAIL,,3
1574,brohor,B,5,TAIL,zero,0
1575,brohor,A,5,TAIL,zero,0
1576,brohor,B,5,TAIL,zero,0
1577,brohor,A,5,TAIL,missing,
1578,brohor,B,5,TAIL,missing,
1579,brohor,A,5,TAIL,missing,
1580,brohor,B,5,TAIL,missing,
1581,brohor,A,5,TAIL,no pipe,0
1582,brohor,B,5,TAIL,zero,0
1583,brohor,A,5,TAIL,zero,0
1584,brohor,B,5,TAIL,,2
1585,brohor,A,5,TAIL,zero,0
1586,brohor,B,5,TAIL,zero,0
1587,brohor,A,5,TAIL,zero,0
1588,brohor,B,5,TAIL,zero,0
1589,brohor,A,5,TAIL,no pipe,0
1590,brohor,B,5,TAIL,,4
1591,brohor,A,5,TAIL,no pipe,0
1592,brohor,B,5,TAIL,zero,0
1593,brohor,A,5,TAIL,no pipe,0
1594,brohor,B,5,TAIL,zero,0
1595,brohor,A,5,TAIL,no pipe,0
1596,brohor,B,5,TAIL,zero,0
1597,brohor,A,5,TAIL,no pipe,
1598,brohor,B,5,TAIL,zero,0
1599,brohor,A,5,TAIL,,4
1600,brohor,B,5,TAIL,missing,
1051,brohor,A,6,WHIT,zero,0
1052,brohor,B,6,WHIT,zero,0
1053,brohor,A,6,WHIT,zero,0
1054,brohor,B,6,WHIT,zero,0
1055,brohor,A,6,WHIT,,1
1056,brohor,B,6,WHIT,zero,0
1057,brohor,A,6,WHIT,,7
1058,brohor,B,6,WHIT,zero,0
1059,brohor,A,6,WHIT,,3
1060,brohor,B,6,WHIT,zero,0
1061,brohor,A,6,WHIT,zero,0
1062,brohor,B,6,WHIT,,5
1063,brohor,A,6,WHIT,zero,0
1064,brohor,B,6,WHIT,,0
1065,brohor,A,6,WHIT,zero,0
1066,brohor,B,6,WHIT,zero,0
1067,brohor,A,6,WHIT,,0
1068,brohor,B,6,WHIT,zero,0
1069,brohor,A,6,WHIT,zero,0
1070,brohor,B,6,WHIT,,1
1071,brohor,A,6,WHIT,zero,0
1072,brohor,B,6,WHIT,,2
1073,brohor,A,6,WHIT,zero,0
1074,brohor,B,6,WHIT,zero,0
1075,brohor,A,6,WHIT,,5
1076,brohor,B,6,WHIT,zero,0
1077,brohor,A,6,WHIT,zero,0
1078,brohor,B,6,WHIT,,3
1079,brohor,A,6,WHIT,zero,0
1080,brohor,B,6,WHIT,zero,0
1081,brohor,A,6,WHIT,herbivory,
1082,brohor,B,6,WHIT,zero,0
1083,brohor,A,6,WHIT,,9
1084,brohor,B,6,WHIT,zero,0
1085,brohor,A,6,WHIT,missing,
1086,brohor,B,6,WHIT,missing,
1087,brohor,A,6,WHIT,zero,0
1088,brohor,B,6,WHIT,,1
1089,brohor,A,6,WHIT,no pipe,3
1090,brohor,B,6,WHIT,,0
1091,brohor,A,6,WHIT,,0
1092,brohor,B,6,WHIT,zero,0
1093,brohor,A,6,WHIT,,6
1094,brohor,B,6,WHIT,,0
1095,brohor,A,6,WHIT,,2
1096,brohor,B,6,WHIT,,2
1097,brohor,A,6,WHIT,zero,0
1098,brohor,B,6,WHIT,zero,0
1099,brohor,A,6,WHIT,no pipe,0
1100,brohor,B,6,WHIT,zero,0
1151,brohor,A,9,WHIT,zero,0
1152,brohor,B,9,WHIT,,0
1153,brohor,A,9,WHIT,zero,0
1154,brohor,B,9,WHIT,,4
1155,brohor,A,9,WHIT,zero,0
1156,brohor,B,9,WHIT,zero,0
1157,brohor,A,9,WHIT,zero,0
1158,brohor,B,9,WHIT,zero,0
1159,brohor,A,9,WHIT,herbivory,
1160,brohor,B,9,WHIT,herbivory,
1161,brohor,A,9,WHIT,zero,0
1162,brohor,B,9,WHIT,zero,0
1163,brohor,A,9,WHIT,zero,0
1164,brohor,B,9,WHIT,zero,0
1165,brohor,A,9,WHIT,no pipe,0
1166,brohor,B,9,WHIT,zero,0
1167,brohor,A,9,WHIT,zero,0
1168,brohor,B,9,WHIT,zero,0
1169,brohor,A,9,WHIT,zero,0
1170,brohor,B,9,WHIT,,2
1171,brohor,A,9,WHIT,zero,0
1172,brohor,B,9,WHIT,,0
1173,brohor,A,9,WHIT,zero,0
1174,brohor,B,9,WHIT,zero,0
1175,brohor,A,9,WHIT,,3
1176,brohor,B,9,WHIT,zero,0
1177,brohor,A,9,WHIT,zero,0
1178,brohor,B,9,WHIT,zero,0
1179,brohor,A,9,WHIT,zero,0
1180,brohor,B,9,WHIT,zero,0
1181,brohor,A,9,WHIT,,2
1182,brohor,B,9,WHIT,zero,0
1183,brohor,A,9,WHIT,zero,0
1184,brohor,B,9,WHIT,,0
1185,brohor,A,9,WHIT,,0
1186,brohor,B,9,WHIT,,0
1187,brohor,A,9,WHIT,,14
1188,brohor,B,9,WHIT,missing,
1189,brohor,A,9,WHIT,zero,0
1190,brohor,B,9,WHIT,zero,0
1191,brohor,A,9,WHIT,no pipe,0
1192,brohor,B,9,WHIT,missing,
1193,brohor,A,9,WHIT,,9
1194,brohor,B,9,WHIT,,3
1195,brohor,A,9,WHIT,missing,
1196,brohor,B,9,WHIT,zero,0
1197,brohor,A,9,WHIT,herbivory,
1198,brohor,B,9,WHIT,zero,0
1199,brohor,A,9,WHIT,,17
1200,brohor,B,9,WHIT,zero,0
1201,brohor,A,8,WHIT,no fruit,0
1202,brohor,B,8,WHIT,,0
1203,brohor,A,8,WHIT,zero,0
1204,brohor,B,8,WHIT,zero,0
1205,brohor,A,8,WHIT,,25
1206,brohor,B,8,WHIT,,0
1207,brohor,A,8,WHIT,,6
1208,brohor,B,8,WHIT,zero,0
1209,brohor,A,8,WHIT,,17
1210,brohor,B,8,WHIT,,1
1211,brohor,A,8,WHIT,,7
1212,brohor,B,8,WHIT,zero,0
1213,brohor,A,8,WHIT,,25
1214,brohor,B,8,WHIT,zero,0
1215,brohor,A,8,WHIT,,8
1216,brohor,B,8,WHIT,zero,0
1217,brohor,A,8,WHIT,,4
1218,brohor,B,8,WHIT,zero,0
1219,brohor,A,8,WHIT,,3
1220,brohor,B,8,WHIT,herbivory,
1221,brohor,A,8,WHIT,,4
1222,brohor,B,8,WHIT,zero,0
1223,brohor,A,8,WHIT,,2
1224,brohor,B,8,WHIT,,4
1225,brohor,A,8,WHIT,,5
1226,brohor,B,8,WHIT,zero,0
1227,brohor,A,8,WHIT,missing,
1228,brohor,B,8,WHIT,missing,
1229,brohor,A,8,WHIT,,17
1230,brohor,B,8,WHIT,,2
1231,brohor,A,8,WHIT,missing,
1232,brohor,B,8,WHIT,zero,0
1233,brohor,A,8,WHIT,zero,0
1234,brohor,B,8,WHIT,zero,0
1235,brohor,A,8,WHIT,,4
1236,brohor,B,8,WHIT,zero,0
1237,brohor,A,8,WHIT,zero,0
1238,brohor,B,8,WHIT,zero,0
1239,brohor,A,8,WHIT,,3
1240,brohor,B,8,WHIT,,4
1241,brohor,A,8,WHIT,zero,0
1242,brohor,B,8,WHIT,zero,0
1243,brohor,A,8,WHIT,,0
1244,brohor,B,8,WHIT,zero,0
1245,brohor,A,8,WHIT,zero,0
1246,brohor,B,8,WHIT,zero,0
1247,brohor,A,8,WHIT,,2
1248,brohor,B,8,WHIT,missing,
1249,brohor,A,8,WHIT,,2
1250,brohor,B,8,WHIT,zero,0
1251,brohor,A,16,LM,,10
1252,brohor,B,16,LM,,0
1253,brohor,A,16,LM,,0
1254,brohor,B,16,LM,,0
1255,brohor,A,16,LM,,4
1256,brohor,B,16,LM,zero,0
1257,brohor,A,16,LM,,5
1258,brohor,B,16,LM,zero,0
1259,brohor,A,16,LM,,1
1260,brohor,B,16,LM,,0
1261,brohor,A,16,LM,,40
1262,brohor,B,16,LM,,0
1263,brohor,A,16,LM,,1
1264,brohor,B,16,LM,,10
1265,brohor,A,16,LM,zero,0
1266,brohor,B,16,LM,zero,0
1267,brohor,A,16,LM,,3
1268,brohor,B,16,LM,zero,0
1269,brohor,A,16,LM,,0
1270,brohor,B,16,LM,zero,0
1271,brohor,A,16,LM,,70
1272,brohor,B,16,LM,,3
1273,brohor,A,16,LM,,2
1274,brohor,B,16,LM,,1
1275,brohor,A,16,LM,,1
1276,brohor,B,16,LM,,1
1277,brohor,A,16,LM,,2
1278,brohor,B,16,LM,herbivory,
1279,brohor,A,16,LM,,0
1280,brohor,B,16,LM,,0
1281,brohor,A,16,LM,missing,
1282,brohor,B,16,LM,,0
1283,brohor,A,16,LM,,0
1284,brohor,B,16,LM,zero,0
1285,brohor,A,16,LM,,4
1286,brohor,B,16,LM,zero,0
1287,brohor,A,16,LM,,14
1288,brohor,B,16,LM,,1
1289,brohor,A,16,LM,,7
1290,brohor,B,16,LM,,0
1291,brohor,A,16,LM,,6
1292,brohor,B,16,LM,,0
1293,brohor,A,16,LM,zero,0
1294,brohor,B,16,LM,zero,0
1295,brohor,A,16,LM,zero,0
1296,brohor,B,16,LM,,1
1297,brohor,A,16,LM,,4
1298,brohor,B,16,LM,,2
1299,brohor,A,16,LM,,2
1300,brohor,B,16,LM,,1
1301,brohor,A,17,LM,zero,0
1302,brohor,B,17,LM,zero,0
1303,brohor,A,17,LM,,3
1304,brohor,B,17,LM,,0
1305,brohor,A,17,LM,,2
1306,brohor,B,17,LM,,1
1307,brohor,A,17,LM,,6
1308,brohor,B,17,LM,zero,0
1309,brohor,A,17,LM,,5
1310,brohor,B,17,LM,,0
1311,brohor,A,17,LM,,2
1312,brohor,B,17,LM,,3
1313,brohor,A,17,LM,zero,0
1314,brohor,B,17,LM,zero,0
1315,brohor,A,17,LM,,3
1316,brohor,B,17,LM,zero,0
1317,brohor,A,17,LM,,0
1318,brohor,B,17,LM,,0
1319,brohor,A,17,LM,,6
1320,brohor,B,17,LM,,1
1321,brohor,A,17,LM,zero,0
1322,brohor,B,17,LM,herbivory,
1323,brohor,A,17,LM,,2
1324,brohor,B,17,LM,,6
1325,brohor,A,17,LM,,3
1326,brohor,B,17,LM,,0
1327,brohor,A,17,LM,,3
1328,brohor,B,17,LM,zero,0
1329,brohor,A,17,LM,,2
1330,brohor,B,17,LM,,0
1331,brohor,A,17,LM,,1
1332,brohor,B,17,LM,,1
1333,brohor,A,17,LM,,1
1334,brohor,B,17,LM,,0
1335,brohor,A,17,LM,,2
1336,brohor,B,17,LM,zero,0
1337,brohor,A,17,LM,zero,0
1338,brohor,B,17,LM,zero,0
1339,brohor,A,17,LM,zero,0
1340,brohor,B,17,LM,zero,0
1341,brohor,A,17,LM,,3
1342,brohor,B,17,LM,zero,0
1343,brohor,A,17,LM,,
1344,brohor,B,17,LM,,0
1345,brohor,A,17,LM,,1
1346,brohor,B,17,LM,no pipe,0
1347,brohor,A,17,LM,,5
1348,brohor,B,17,LM,,0
1349,brohor,A,17,LM,,1
1350,brohor,B,17,LM,missing,
1351,brohor,A,19,LM,,6
1352,brohor,B,19,LM,missing,
1353,brohor,A,19,LM,zero,0
1354,brohor,B,19,LM,zero,0
1355,brohor,A,19,LM,missing,
1356,brohor,B,19,LM,,0
1357,brohor,A,19,LM,,6
1358,brohor,B,19,LM,zero,0
1359,brohor,A,19,LM,herbivory,
1360,brohor,B,19,LM,,2
1361,brohor,A,19,LM,missing,
1362,brohor,B,19,LM,,0
1363,brohor,A,19,LM,missing,
1364,brohor,B,19,LM,zero,0
1365,brohor,A,19,LM,zero,0
1366,brohor,B,19,LM,,0
1367,brohor,A,19,LM,zero,0
1368,brohor,B,19,LM,zero,0
1369,brohor,A,19,LM,zero,0
1370,brohor,B,19,LM,,1
1371,brohor,A,19,LM,,1
1372,brohor,B,19,LM,,0
1373,brohor,A,19,LM,,1
1374,brohor,B,19,LM,zero,0
1375,brohor,A,19,LM,,8
1376,brohor,B,19,LM,zero,0
1377,brohor,A,19,LM,missing,
1378,brohor,B,19,LM,herbivory,
1379,brohor,A,19,LM,,5
1380,brohor,B,19,LM,zero,0
1381,brohor,A,19,LM,,2
1382,brohor,B,19,LM,zero,0
1383,brohor,A,19,LM,missing,
1384,brohor,B,19,LM,herbivory,
1385,brohor,A,19,LM,missing,
1386,brohor,B,19,LM,herbivory,
1387,brohor,A,19,LM,no fruit,0
1388,brohor,B,19,LM,zero,0
1389,brohor,A,19,LM,,3
1390,brohor,B,19,LM,zero,0
1391,brohor,A,19,LM,missing,
1392,brohor,B,19,LM,,0
1393,brohor,A,19,LM,missing,
1394,brohor,B,19,LM,zero,0
1395,brohor,A,19,LM,,3
1396,brohor,B,19,LM,,1
1397,brohor,A,19,LM,missing,
1398,brohor,B,19,LM,herbivory,
1399,brohor,A,19,LM,missing,
1400,brohor,B,19,LM,missing,
1701,brohor,A,15,HUT,missing,
1702,brohor,B,15,HUT,,15
1703,brohor,A,15,HUT,,44
1704,brohor,B,15,HUT,zero,0
1705,brohor,A,15,HUT,zero,0
1706,brohor,B,15,HUT,zero,0
1707,brohor,A,15,HUT,zero,0
1708,brohor,B,15,HUT,,3
1709,brohor,A,15,HUT,missing,
1710,brohor,B,15,HUT,,13
1711,brohor,A,15,HUT,,2
1712,brohor,B,15,HUT,zero,0
1713,brohor,A,15,HUT,zero,0
1714,brohor,B,15,HUT,,3
1715,brohor,A,15,HUT,zero,0
1716,brohor,B,15,HUT,,2
1717,brohor,A,15,HUT,missing,
1718,brohor,B,15,HUT,zero,0
1719,brohor,A,15,HUT,missing,
1720,brohor,B,15,HUT,,2
1721,brohor,A,15,HUT,zero,0
1722,brohor,B,15,HUT,,0
1723,brohor,A,15,HUT,no pipe,0
1724,brohor,B,15,HUT,zero,0
1725,brohor,A,15,HUT,zero,0
1726,brohor,B,15,HUT,zero,0
1727,brohor,A,15,HUT,,1
1728,brohor,B,15,HUT,,3
1729,brohor,A,15,HUT,no pipe,0
1730,brohor,B,15,HUT,,0
1731,brohor,A,15,HUT,zero,0
1732,brohor,B,15,HUT,,0
1733,brohor,A,15,HUT,,2
1734,brohor,B,15,HUT,,1
1735,brohor,A,15,HUT,,1
1736,brohor,B,15,HUT,zero,0
1737,brohor,A,15,HUT,no pipe,0
1738,brohor,B,15,HUT,,3
1739,brohor,A,15,HUT,,0
1740,brohor,B,15,HUT,,0
1741,brohor,A,15,HUT,,3
1742,brohor,B,15,HUT,,2
1743,brohor,A,15,HUT,,2
1744,brohor,B,15,HUT,,2
1745,brohor,A,15,HUT,zero,0
1746,brohor,B,15,HUT,zero,0
1747,brohor,A,15,HUT,,10
1748,brohor,B,15,HUT,zero,0
1749,brohor,A,15,HUT,zero,0
1750,brohor,B,15,HUT,zero,0
1651,brohor,A,14,HUT,,6
1652,brohor,B,14,HUT,zero,0
1653,brohor,A,14,HUT,missing,
1654,brohor,B,14,HUT,,2
1655,brohor,A,14,HUT,,7
1656,brohor,B,14,HUT,,0
1657,brohor,A,14,HUT,,9
1658,brohor,B,14,HUT,,1
1659,brohor,A,14,HUT,zero,0
1660,brohor,B,14,HUT,,3
1661,brohor,A,14,HUT,missing,
1662,brohor,B,14,HUT,,0
1663,brohor,A,14,HUT,,4
1664,brohor,B,14,HUT,,3
1665,brohor,A,14,HUT,zero,0
1666,brohor,B,14,HUT,zero,0
1667,brohor,A,14,HUT,zero,0
1668,brohor,B,14,HUT,zero,0
1669,brohor,A,14,HUT,,2
1670,brohor,B,14,HUT,,1
1671,brohor,A,14,HUT,no pipe,0
1672,brohor,B,14,HUT,,0
1673,brohor,A,14,HUT,,2
1674,brohor,B,14,HUT,,0
1675,brohor,A,14,HUT,,2
1676,brohor,B,14,HUT,,2
1677,brohor,A,14,HUT,,5
1678,brohor,B,14,HUT,zero,0
1679,brohor,A,14,HUT,no pipe,0
1680,brohor,B,14,HUT,zero,0
1681,brohor,A,14,HUT,no pipe,3
1682,brohor,B,14,HUT,zero,0
1683,brohor,A,14,HUT,zero,0
1684,brohor,B,14,HUT,zero,0
1685,brohor,A,14,HUT,missing,
1686,brohor,B,14,HUT,,3
1687,brohor,A,14,HUT,no pipe,0
1688,brohor,B,14,HUT,,9
1689,brohor,A,14,HUT,no pipe,4
1690,brohor,B,14,HUT,zero,0
1691,brohor,A,14,HUT,,17
1692,brohor,B,14,HUT,zero,0
1693,brohor,A,14,HUT,missing,
1694,brohor,B,14,HUT,zero,0
1695,brohor,A,14,HUT,no pipe,0
1696,brohor,B,14,HUT,zero,0
1697,brohor,A,14,HUT,zero,0
1698,brohor,B,14,HUT,,0
1699,brohor,A,14,HUT,,6
1700,brohor,B,14,HUT,zero,0
1601,brohor,A,11,HUT,no pipe,0
1602,brohor,B,11,HUT,,1
1603,brohor,A,11,HUT,zero,0
1604,brohor,B,11,HUT,missing,
1605,brohor,A,11,HUT,,10
1606,brohor,B,11,HUT,,3
1607,brohor,A,11,HUT,,0
1608,brohor,B,11,HUT,,2
1609,brohor,A,11,HUT,no pipe,0
1610,brohor,B,11,HUT,zero,0
1611,brohor,A,11,HUT,no pipe,0
1612,brohor,B,11,HUT,,1
1613,brohor,A,11,HUT,no pipe,0
1614,brohor,B,11,HUT,herbivory,0
1615,brohor,A,11,HUT,zero,0
1616,brohor,B,11,HUT,,11
1617,brohor,A,11,HUT,zero,0
1618,brohor,B,11,HUT,zero,0
1619,brohor,A,11,HUT,,1
1620,brohor,B,11,HUT,zero,0
1621,brohor,A,11,HUT,,1
1622,brohor,B,11,HUT,,1
1623,brohor,A,11,HUT,missing,
1624,brohor,B,11,HUT,,1
1625,brohor,A,11,HUT,zero,0
1626,brohor,B,11,HUT,zero,0
1627,brohor,A,11,HUT,,0
1628,brohor,B,11,HUT,,4
1629,brohor,A,11,HUT,,1
1630,brohor,B,11,HUT,zero,0
1631,brohor,A,11,HUT,no pipe,0
1632,brohor,B,11,HUT,zero,0
1633,brohor,A,11,HUT,zero,0
1634,brohor,B,11,HUT,herbivory,0
1635,brohor,A,11,HUT,,2
1636,brohor,B,11,HUT,zero,0
1637,brohor,A,11,HUT,no pipe,5
1638,brohor,B,11,HUT,zero,0
1639,brohor,A,11,HUT,missing,
1640,brohor,B,11,HUT,,4
1641,brohor,A,11,HUT,no pipe,0
1642,brohor,B,11,HUT,,0
1643,brohor,A,11,HUT,no pipe,9
1644,brohor,B,11,HUT,,1
1645,brohor,A,11,HUT,missing,
1646,brohor,B,11,HUT,zero,0
1647,brohor,A,11,HUT,no pipe,0
1648,brohor,B,11,HUT,,0
1649,brohor,A,11,HUT,no pipe,0
1650,brohor,B,11,HUT,zero,0
1751,brohor,A,22,KNOX,,1
1752,brohor,B,22,KNOX,zero,0
1753,brohor,A,22,KNOX,zero,0
1754,brohor,B,22,KNOX,zero,0
1755,brohor,A,22,KNOX,no pipe,0
1756,brohor,B,22,KNOX,missing,
1757,brohor,A,22,KNOX,missing,
1758,brohor,B,22,KNOX,zero,0
1759,brohor,A,22,KNOX,missing,
1760,brohor,B,22,KNOX,zero,0
1761,brohor,A,22,KNOX,,3
1762,brohor,B,22,KNOX,zero,0
1763,brohor,A,22,KNOX,missing,
1764,brohor,B,22,KNOX,zero,0
1765,brohor,A,22,KNOX,,2
1766,brohor,B,22,KNOX,zero,0
1767,brohor,A,22,KNOX,missing,
1768,brohor,B,22,KNOX,zero,0
1769,brohor,A,22,KNOX,zero,0
1770,brohor,B,22,KNOX,zero,0
1771,brohor,A,22,KNOX,zero,0
1772,brohor,B,22,KNOX,zero,0
1773,brohor,A,22,KNOX,missing,
1774,brohor,B,22,KNOX,zero,0
1775,brohor,A,22,KNOX,,3
1776,brohor,B,22,KNOX,zero,0
1777,brohor,A,22,KNOX,zero,0
1778,brohor,B,22,KNOX,zero,0
1779,brohor,A,22,KNOX,missing,
1780,brohor,B,22,KNOX,zero,0
1781,brohor,A,22,KNOX,zero,0
1782,brohor,B,22,KNOX,zero,0
1783,brohor,A,22,KNOX,,6
1784,brohor,B,22,KNOX,zero,0
1785,brohor,A,22,KNOX,,0
1786,brohor,B,22,KNOX,missing,
1787,brohor,A,22,KNOX,missing,
1788,brohor,B,22,KNOX,zero,0
1789,brohor,A,22,KNOX,missing,
1790,brohor,B,22,KNOX,zero,0
1791,brohor,A,22,KNOX,,3
1792,brohor,B,22,KNOX,,1
1793,brohor,A,22,KNOX,zero,0
1794,brohor,B,22,KNOX,zero,0
1795,brohor,A,22,KNOX,zero,0
1796,brohor,B,22,KNOX,zero,0
1797,brohor,A,22,KNOX,missing,
1798,brohor,B,22,KNOX,missing,
1799,brohor,A,22,KNOX,no pipe,0
1800,brohor,B,22,KNOX,zero,0
1801,brohor,A,21,KNOX,zero,0
1802,brohor,B,21,KNOX,zero,0
1803,brohor,A,21,KNOX,no pipe,0
1804,brohor,B,21,KNOX,zero,0
1805,brohor,A,21,KNOX,,17
1806,brohor,B,21,KNOX,zero,0
1807,brohor,A,21,KNOX,no pipe,0
1808,brohor,B,21,KNOX,,0
1809,brohor,A,21,KNOX,,6
1810,brohor,B,21,KNOX,,2
1811,brohor,A,21,KNOX,,2
1812,brohor,B,21,KNOX,,0
1813,brohor,A,21,KNOX,,7
1814,brohor,B,21,KNOX,zero,0
1815,brohor,A,21,KNOX,,27
1816,brohor,B,21,KNOX,,0
1817,brohor,A,21,KNOX,zero,0
1818,brohor,B,21,KNOX,zero,0
1819,brohor,A,21,KNOX,,4
1820,brohor,B,21,KNOX,,1
1821,brohor,A,21,KNOX,zero,0
1822,brohor,B,21,KNOX,,1
1823,brohor,A,21,KNOX,,5
1824,brohor,B,21,KNOX,,0
1825,brohor,A,21,KNOX,missing,
1826,brohor,B,21,KNOX,zero,0
1827,brohor,A,21,KNOX,,5
1828,brohor,B,21,KNOX,zero,0
1829,brohor,A,21,KNOX,,8
1830,brohor,B,21,KNOX,zero,0
1831,brohor,A,21,KNOX,,1
1832,brohor,B,21,KNOX,zero,0
1833,brohor,A,21,KNOX,zero,0
1834,brohor,B,21,KNOX,zero,0
1835,brohor,A,21,KNOX,,2
1836,brohor,B,21,KNOX,,1
1837,brohor,A,21,KNOX,missing,
1838,brohor,B,21,KNOX,zero,0
1839,brohor,A,21,KNOX,zero,0
1840,brohor,B,21,KNOX,,1
1841,brohor,A,21,KNOX,,10
1842,brohor,B,21,KNOX,zero,0
1843,brohor,A,21,KNOX,,6
1844,brohor,B,21,KNOX,,2
1845,brohor,A,21,KNOX,zero,0
1846,brohor,B,21,KNOX,zero,0
1847,brohor,A,21,KNOX,,4
1848,brohor,B,21,KNOX,zero,0
1849,brohor,A,21,KNOX,,1
1850,brohor,B,21,KNOX,zero,0
1851,brohor,A,25,KNOX,,1
1852,brohor,B,25,KNOX,,1
1853,brohor,A,25,KNOX,,1
1854,brohor,B,25,KNOX,zero,0
1855,brohor,A,25,KNOX,no pipe,0
1856,brohor,B,25,KNOX,zero,0
1857,brohor,A,25,KNOX,,8
1858,brohor,B,25,KNOX,missing,
1859,brohor,A,25,KNOX,,1
1860,brohor,B,25,KNOX,zero,0
1861,brohor,A,25,KNOX,zero,0
1862,brohor,B,25,KNOX,,0
1863,brohor,A,25,KNOX,zero,0
1864,brohor,B,25,KNOX,,0
1865,brohor,A,25,KNOX,missing,
1866,brohor,B,25,KNOX,,2
1867,brohor,A,25,KNOX,zero,0
1868,brohor,B,25,KNOX,zero,0
1869,brohor,A,25,KNOX,,0
1870,brohor,B,25,KNOX,,1
1871,brohor,A,25,KNOX,,0
1872,brohor,B,25,KNOX,zero,0
1873,brohor,A,25,KNOX,zero,0
1874,brohor,B,25,KNOX,,0
1875,brohor,A,25,KNOX,zero,0
1876,brohor,B,25,KNOX,zero,0
1877,brohor,A,25,KNOX,missing,
1878,brohor,B,25,KNOX,zero,0
1879,brohor,A,25,KNOX,,0
1880,brohor,B,25,KNOX,,0
1881,brohor,A,25,KNOX,,2
1882,brohor,B,25,KNOX,,1
1883,brohor,A,25,KNOX,missing,
1884,brohor,B,25,KNOX,missing,
1885,brohor,A,25,KNOX,zero,0
1886,brohor,B,25,KNOX,zero,0
1887,brohor,A,25,KNOX,zero,0
1888,brohor,B,25,KNOX,zero,0
1889,brohor,A,25,KNOX,zero,0
1890,brohor,B,25,KNOX,zero,0
1891,brohor,A,25,KNOX,zero,0
1892,brohor,B,25,KNOX,zero,0
1893,brohor,A,25,KNOX,herbivory,
1894,brohor,B,25,KNOX,,0
1895,brohor,A,25,KNOX,missing,
1896,brohor,B,25,KNOX,missing,
1897,brohor,A,25,KNOX,missing,
1898,brohor,B,25,KNOX,missing,
1899,brohor,A,25,KNOX,missing,
1900,brohor,B,25,KNOX,missing,
1001,brohor,A,26,RES,no pipe,0
1002,brohor,B,26,RES,,1
1003,brohor,A,26,RES,no pipe,0
1004,brohor,B,26,RES,,2
1005,brohor,A,26,RES,zero,0
1006,brohor,B,26,RES,missing,
1007,brohor,A,26,RES,zero,0
1008,brohor,B,26,RES,,0
1009,brohor,A,26,RES,,0
1010,brohor,B,26,RES,zero,0
1011,brohor,A,26,RES,,9
1012,brohor,B,26,RES,,0
1013,brohor,A,26,RES,,6
1014,brohor,B,26,RES,,3
1015,brohor,A,26,RES,,11
1016,brohor,B,26,RES,zero,0
1017,brohor,A,26,RES,,35
1018,brohor,B,26,RES,,2
1019,brohor,A,26,RES,,5
1020,brohor,B,26,RES,,2
1021,brohor,A,26,RES,,13
1022,brohor,B,26,RES,,1
1023,brohor,A,26,RES,,3
1024,brohor,B,26,RES,zero,0
1025,brohor,A,26,RES,,2
1026,brohor,B,26,RES,,2
1027,brohor,A,26,RES,no fruit,0
1028,brohor,B,26,RES,,1
1029,brohor,A,26,RES,,1
1030,brohor,B,26,RES,zero,0
1031,brohor,A,26,RES,,9
1032,brohor,B,26,RES,zero,0
1033,brohor,A,26,RES,,4
1034,brohor,B,26,RES,zero,0
1035,brohor,A,26,RES,,1
1036,brohor,B,26,RES,,1
1037,brohor,A,26,RES,zero,0
1038,brohor,B,26,RES,zero,0
1039,brohor,A,26,RES,herbivory,
1040,brohor,B,26,RES,zero,0
1041,brohor,A,26,RES,,1
1042,brohor,B,26,RES,zero,0
1043,brohor,A,26,RES,,2
1044,brohor,B,26,RES,,0
1045,brohor,A,26,RES,,4
1046,brohor,B,26,RES,,0
1047,brohor,A,26,RES,zero,0
1048,brohor,B,26,RES,zero,0
1049,brohor,A,26,RES,zero,0
1050,brohor,B,26,RES,,0
1401,brohor,A,27,RES,,
1402,brohor,B,27,RES,,1
1403,brohor,A,27,RES,zero,0
1404,brohor,B,27,RES,,0
1405,brohor,A,27,RES,no pipe,0
1406,brohor,B,27,RES,,4
1407,brohor,A,27,RES,,1
1408,brohor,B,27,RES,zero,0
1409,brohor,A,27,RES,no pipe,0
1410,brohor,B,27,RES,zero,0
1411,brohor,A,27,RES,zero,0
1412,brohor,B,27,RES,zero,0
1413,brohor,A,27,RES,zero,0
1414,brohor,B,27,RES,,1
1415,brohor,A,27,RES,,1
1416,brohor,B,27,RES,,2
1417,brohor,A,27,RES,,0
1418,brohor,B,27,RES,zero,0
1419,brohor,A,27,RES,zero,0
1420,brohor,B,27,RES,zero,0
1421,brohor,A,27,RES,no pipe,0
1422,brohor,B,27,RES,zero,0
1423,brohor,A,27,RES,zero,0
1424,brohor,B,27,RES,zero,0
1425,brohor,A,27,RES,no fruit,0
1426,brohor,B,27,RES,,2
1427,brohor,A,27,RES,,1
1428,brohor,B,27,RES,,1
1429,brohor,A,27,RES,,1
1430,brohor,B,27,RES,,0
1431,brohor,A,27,RES,no pipe,0
1432,brohor,B,27,RES,no pipe,1
1433,brohor,A,27,RES,,1
1434,brohor,B,27,RES,,1
1435,brohor,A,27,RES,,2
1436,brohor,B,27,RES,,2
1437,brohor,A,27,RES,,0
1438,brohor,B,27,RES,,2
1439,brohor,A,27,RES,,4
1440,brohor,B,27,RES,,1
1441,brohor,A,27,RES,no pipe,0
1442,brohor,B,27,RES,missing,
1443,brohor,A,27,RES,,1
1444,brohor,B,27,RES,,0
1445,brohor,A,27,RES,,2
1446,brohor,B,27,RES,,0
1447,brohor,A,27,RES,,0
1448,brohor,B,27,RES,no pipe,0
1449,brohor,A,27,RES,missing,
1450,brohor,B,27,RES,zero,0
1451,brohor,A,28,RES,zero,0
1452,brohor,B,28,RES,,3
1453,brohor,A,28,RES,zero,0
1454,brohor,B,28,RES,,4
1455,brohor,A,28,RES,,3
1456,brohor,B,28,RES,,0
1457,brohor,A,28,RES,no pipe,2
1458,brohor,B,28,RES,,2
1459,brohor,A,28,RES,,2
1460,brohor,B,28,RES,,3
1461,brohor,A,28,RES,missing,
1462,brohor,B,28,RES,missing,
1463,brohor,A,28,RES,,2
1464,brohor,B,28,RES,missing,
1465,brohor,A,28,RES,zero,0
1466,brohor,B,28,RES,,2
1467,brohor,A,28,RES,,0
1468,brohor,B,28,RES,,2
1469,brohor,A,28,RES,zero,0
1470,brohor,B,28,RES,zero,0
1471,brohor,A,28,RES,,1
1472,brohor,B,28,RES,,3
1473,brohor,A,28,RES,,2
1474,brohor,B,28,RES,,4
1475,brohor,A,28,RES,no pipe,0
1476,brohor,B,28,RES,,1
1477,brohor,A,28,RES,,0
1478,brohor,B,28,RES,,2
1479,brohor,A,28,RES,missing,
1480,brohor,B,28,RES,,4
1481,brohor,A,28,RES,,4
1482,brohor,B,28,RES,,4
1483,brohor,A,28,RES,,3
1484,brohor,B,28,RES,zero,0
1485,brohor,A,28,RES,,1
1486,brohor,B,28,RES,no fruit,1
1487,brohor,A,28,RES,missing,
1488,brohor,B,28,RES,,3
1489,brohor,A,28,RES,,1
1490,brohor,B,28,RES,herbivory,
1491,brohor,A,28,RES,no pipe,0
1492,brohor,B,28,RES,,1
1493,brohor,A,28,RES,,3
1494,brohor,B,28,RES,zero,0
1495,brohor,A,28,RES,,2
1496,brohor,B,28,RES,,1
1497,brohor,A,28,RES,,3
1498,brohor,B,28,RES,,2
1499,brohor,A,28,RES,,0
1500,brohor,B,28,RES,zero,0
501,miccal,A,1,TAIL,missing,
502,miccal,B,1,TAIL,zero,0
503,miccal,A,1,TAIL,zero,0
504,miccal,B,1,TAIL,missing,
505,miccal,A,1,TAIL,missing,
506,miccal,B,1,TAIL,zero,0
507,miccal,A,1,TAIL,missing,
508,miccal,B,1,TAIL,zero,0
509,miccal,A,1,TAIL,zero,0
510,miccal,B,1,TAIL,zero,0
511,miccal,A,1,TAIL,zero,0
512,miccal,B,1,TAIL,zero,0
513,miccal,A,1,TAIL,missing,
514,miccal,B,1,TAIL,zero,0
515,miccal,A,1,TAIL,missing,
516,miccal,B,1,TAIL,zero,0
517,miccal,A,1,TAIL,zero,0
518,miccal,B,1,TAIL,missing,
519,miccal,A,1,TAIL,zero,0
520,miccal,B,1,TAIL,zero,0
521,miccal,A,1,TAIL,zero,0
522,miccal,B,1,TAIL,zero,0
523,miccal,A,1,TAIL,zero,0
524,miccal,B,1,TAIL,zero,0
525,miccal,A,1,TAIL,missing,
526,miccal,B,1,TAIL,zero,0
527,miccal,A,1,TAIL,missing,
528,miccal,B,1,TAIL,zero,0
529,miccal,A,1,TAIL,zero,0
530,miccal,B,1,TAIL,zero,0
531,miccal,A,1,TAIL,zero,0
532,miccal,B,1,TAIL,zero,0
533,miccal,A,1,TAIL,zero,0
534,miccal,B,1,TAIL,zero,0
535,miccal,A,1,TAIL,zero,0
536,miccal,B,1,TAIL,zero,0
537,miccal,A,1,TAIL,zero,0
538,miccal,B,1,TAIL,zero,0
539,miccal,A,1,TAIL,zero,0
540,miccal,B,1,TAIL,,12
541,miccal,A,1,TAIL,zero,0
542,miccal,B,1,TAIL,zero,0
543,miccal,A,1,TAIL,zero,0
544,miccal,B,1,TAIL,zero,0
545,miccal,A,1,TAIL,zero,0
546,miccal,B,1,TAIL,zero,0
547,miccal,A,1,TAIL,zero,0
548,miccal,B,1,TAIL,zero,0
549,miccal,A,1,TAIL,zero,0
550,miccal,B,1,TAIL,zero,0
101,miccal,A,2,TAIL,missing,
102,miccal,B,2,TAIL,zero,0
103,miccal,A,2,TAIL,,9
104,miccal,B,2,TAIL,zero,0
105,miccal,A,2,TAIL,missing,
106,miccal,B,2,TAIL,zero,0
107,miccal,A,2,TAIL,missing,
108,miccal,B,2,TAIL,zero,0
109,miccal,A,2,TAIL,zero,0
110,miccal,B,2,TAIL,zero,0
111,miccal,A,2,TAIL,missing,
112,miccal,B,2,TAIL,zero,0
113,miccal,A,2,TAIL,zero,0
114,miccal,B,2,TAIL,zero,0
115,miccal,A,2,TAIL,zero,0
116,miccal,B,2,TAIL,zero,0
117,miccal,A,2,TAIL,missing,
118,miccal,B,2,TAIL,,0
119,miccal,A,2,TAIL,zero,0
120,miccal,B,2,TAIL,zero,0
121,miccal,A,2,TAIL,zero,0
122,miccal,B,2,TAIL,missing,
123,miccal,A,2,TAIL,zero,0
124,miccal,B,2,TAIL,zero,0
125,miccal,A,2,TAIL,zero,0
126,miccal,B,2,TAIL,zero,0
127,miccal,A,2,TAIL,,4
128,miccal,B,2,TAIL,zero,0
129,miccal,A,2,TAIL,missing,
130,miccal,B,2,TAIL,zero,0
131,miccal,A,2,TAIL,missing,
132,miccal,B,2,TAIL,zero,0
133,miccal,A,2,TAIL,missing,
134,miccal,B,2,TAIL,zero,0
135,miccal,A,2,TAIL,missing,
136,miccal,B,2,TAIL,zero,0
137,miccal,A,2,TAIL,missing,
138,miccal,B,2,TAIL,zero,0
139,miccal,A,2,TAIL,missing,
140,miccal,B,2,TAIL,zero,0
141,miccal,A,2,TAIL,zero,0
142,miccal,B,2,TAIL,missing,
143,miccal,A,2,TAIL,missing,
144,miccal,B,2,TAIL,zero,0
145,miccal,A,2,TAIL,no pipe,26
146,miccal,B,2,TAIL,,0
147,miccal,A,2,TAIL,missing,
148,miccal,B,2,TAIL,zero,0
149,miccal,A,2,TAIL,zero,0
150,miccal,B,2,TAIL,zero,0
551,miccal,A,5,TAIL,zero,0
552,miccal,B,5,TAIL,zero,0
553,miccal,A,5,TAIL,zero,0
554,miccal,B,5,TAIL,zero,0
555,miccal,A,5,TAIL,zero,0
556,miccal,B,5,TAIL,,12
557,miccal,A,5,TAIL,no fruit,0
558,miccal,B,5,TAIL,zero,0
559,miccal,A,5,TAIL,,2
560,miccal,B,5,TAIL,missing,
561,miccal,A,5,TAIL,,0
562,miccal,B,5,TAIL,zero,0
563,miccal,A,5,TAIL,zero,0
564,miccal,B,5,TAIL,zero,0
565,miccal,A,5,TAIL,zero,0
566,miccal,B,5,TAIL,zero,0
567,miccal,A,5,TAIL,zero,0
568,miccal,B,5,TAIL,zero,0
569,miccal,A,5,TAIL,zero,0
570,miccal,B,5,TAIL,no fruit,0
571,miccal,A,5,TAIL,zero,0
572,miccal,B,5,TAIL,zero,0
573,miccal,A,5,TAIL,zero,0
574,miccal,B,5,TAIL,zero,0
575,miccal,A,5,TAIL,zero,0
576,miccal,B,5,TAIL,zero,0
577,miccal,A,5,TAIL,zero,0
578,miccal,B,5,TAIL,missing,
579,miccal,A,5,TAIL,zero,0
580,miccal,B,5,TAIL,missing,
581,miccal,A,5,TAIL,zero,0
582,miccal,B,5,TAIL,zero,0
583,miccal,A,5,TAIL,missing,
584,miccal,B,5,TAIL,zero,0
585,miccal,A,5,TAIL,no pipe,0
586,miccal,B,5,TAIL,zero,0
587,miccal,A,5,TAIL,missing,
588,miccal,B,5,TAIL,zero,0
589,miccal,A,5,TAIL,zero,0
590,miccal,B,5,TAIL,missing,
591,miccal,A,5,TAIL,zero,0
592,miccal,B,5,TAIL,missing,
593,miccal,A,5,TAIL,zero,0
594,miccal,B,5,TAIL,zero,0
595,miccal,A,5,TAIL,no pipe,0
596,miccal,B,5,TAIL,missing,
597,miccal,A,5,TAIL,no pipe,0
598,miccal,B,5,TAIL,zero,0
599,miccal,A,5,TAIL,zero,0
600,miccal,B,5,TAIL,missing,0
51,miccal,A,6,WHIT,zero,0
52,miccal,B,6,WHIT,zero,0
53,miccal,A,6,WHIT,zero,0
54,miccal,B,6,WHIT,zero,0
55,miccal,A,6,WHIT,zero,0
56,miccal,B,6,WHIT,zero,0
57,miccal,A,6,WHIT,zero,0
58,miccal,B,6,WHIT,zero,0
59,miccal,A,6,WHIT,,0
60,miccal,B,6,WHIT,zero,0
61,miccal,A,6,WHIT,zero,0
62,miccal,B,6,WHIT,zero,0
63,miccal,A,6,WHIT,zero,0
64,miccal,B,6,WHIT,zero,0
65,miccal,A,6,WHIT,zero,0
66,miccal,B,6,WHIT,zero,0
67,miccal,A,6,WHIT,zero,0
68,miccal,B,6,WHIT,zero,0
69,miccal,A,6,WHIT,,1
70,miccal,B,6,WHIT,zero,0
71,miccal,A,6,WHIT,zero,0
72,miccal,B,6,WHIT,zero,0
73,miccal,A,6,WHIT,zero,0
74,miccal,B,6,WHIT,zero,0
75,miccal,A,6,WHIT,zero,0
76,miccal,B,6,WHIT,zero,0
77,miccal,A,6,WHIT,zero,0
78,miccal,B,6,WHIT,zero,0
79,miccal,A,6,WHIT,zero,0
80,miccal,B,6,WHIT,zero,0
81,miccal,A,6,WHIT,zero,0
82,miccal,B,6,WHIT,zero,0
83,miccal,A,6,WHIT,zero,0
84,miccal,B,6,WHIT,zero,0
85,miccal,A,6,WHIT,missing,
86,miccal,B,6,WHIT,zero,0
87,miccal,A,6,WHIT,zero,0
88,miccal,B,6,WHIT,zero,0
89,miccal,A,6,WHIT,zero,0
90,miccal,B,6,WHIT,zero,0
91,miccal,A,6,WHIT,zero,0
92,miccal,B,6,WHIT,zero,0
93,miccal,A,6,WHIT,zero,0
94,miccal,B,6,WHIT,,1
95,miccal,A,6,WHIT,,12
96,miccal,B,6,WHIT,zero,0
97,miccal,A,6,WHIT,zero,0
98,miccal,B,6,WHIT,zero,0
99,miccal,A,6,WHIT,no pipe,0
100,miccal,B,6,WHIT,zero,0
151,miccal,A,9,WHIT,zero,0
152,miccal,B,9,WHIT,zero,0
153,miccal,A,9,WHIT,no pipe,0
154,miccal,B,9,WHIT,zero,0
155,miccal,A,9,WHIT,zero,0
156,miccal,B,9,WHIT,zero,0
157,miccal,A,9,WHIT,missing,
158,miccal,B,9,WHIT,zero,0
159,miccal,A,9,WHIT,zero,0
160,miccal,B,9,WHIT,zero,0
161,miccal,A,9,WHIT,zero,0
162,miccal,B,9,WHIT,zero,0
163,miccal,A,9,WHIT,zero,0
164,miccal,B,9,WHIT,zero,0
165,miccal,A,9,WHIT,no pipe,0
166,miccal,B,9,WHIT,zero,0
167,miccal,A,9,WHIT,zero,0
168,miccal,B,9,WHIT,missing,
169,miccal,A,9,WHIT,zero,0
170,miccal,B,9,WHIT,zero,0
171,miccal,A,9,WHIT,zero,0
172,miccal,B,9,WHIT,zero,0
173,miccal,A,9,WHIT,zero,0
174,miccal,B,9,WHIT,zero,0
175,miccal,A,9,WHIT,zero,0
176,miccal,B,9,WHIT,zero,0
177,miccal,A,9,WHIT,zero,0
178,miccal,B,9,WHIT,zero,0
179,miccal,A,9,WHIT,zero,0
180,miccal,B,9,WHIT,zero,0
181,miccal,A,9,WHIT,zero,0
182,miccal,B,9,WHIT,zero,0
183,miccal,A,9,WHIT,zero,0
184,miccal,B,9,WHIT,zero,0
185,miccal,A,9,WHIT,zero,0
186,miccal,B,9,WHIT,zero,0
187,miccal,A,9,WHIT,,35
188,miccal,B,9,WHIT,zero,0
189,miccal,A,9,WHIT,zero,0
190,miccal,B,9,WHIT,zero,0
191,miccal,A,9,WHIT,zero,0
192,miccal,B,9,WHIT,zero,0
193,miccal,A,9,WHIT,zero,0
194,miccal,B,9,WHIT,zero,0
195,miccal,A,9,WHIT,zero,0
196,miccal,B,9,WHIT,zero,0
197,miccal,A,9,WHIT,zero,0
198,miccal,B,9,WHIT,zero,0
199,miccal,A,9,WHIT,zero,0
200,miccal,B,9,WHIT,zero,0
201,miccal,A,8,WHIT,zero,0
202,miccal,B,8,WHIT,zero,0
203,miccal,A,8,WHIT,zero,0
204,miccal,B,8,WHIT,zero,0
205,miccal,A,8,WHIT,zero,0
206,miccal,B,8,WHIT,zero,0
207,miccal,A,8,WHIT,zero,0
208,miccal,B,8,WHIT,zero,0
209,miccal,A,8,WHIT,zero,0
210,miccal,B,8,WHIT,zero,0
211,miccal,A,8,WHIT,no pipe,0
212,miccal,B,8,WHIT,zero,0
213,miccal,A,8,WHIT,zero,0
214,miccal,B,8,WHIT,zero,0
215,miccal,A,8,WHIT,zero,0
216,miccal,B,8,WHIT,zero,0
217,miccal,A,8,WHIT,zero,0
218,miccal,B,8,WHIT,zero,0
219,miccal,A,8,WHIT,zero,0
220,miccal,B,8,WHIT,missing,
221,miccal,A,8,WHIT,zero,0
222,miccal,B,8,WHIT,zero,0
223,miccal,A,8,WHIT,zero,0
224,miccal,B,8,WHIT,zero,0
225,miccal,A,8,WHIT,zero,0
226,miccal,B,8,WHIT,,4
227,miccal,A,8,WHIT,missing,
228,miccal,B,8,WHIT,missing,
229,miccal,A,8,WHIT,zero,0
230,miccal,B,8,WHIT,zero,0
231,miccal,A,8,WHIT,missing,
232,miccal,B,8,WHIT,zero,0
233,miccal,A,8,WHIT,zero,0
234,miccal,B,8,WHIT,zero,0
235,miccal,A,8,WHIT,zero,0
236,miccal,B,8,WHIT,zero,0
237,miccal,A,8,WHIT,zero,0
238,miccal,B,8,WHIT,zero,0
239,miccal,A,8,WHIT,zero,0
240,miccal,B,8,WHIT,zero,0
241,miccal,A,8,WHIT,zero,0
242,miccal,B,8,WHIT,zero,0
243,miccal,A,8,WHIT,no pipe,0
244,miccal,B,8,WHIT,zero,0
245,miccal,A,8,WHIT,zero,0
246,miccal,B,8,WHIT,zero,0
247,miccal,A,8,WHIT,zero,0
248,miccal,B,8,WHIT,zero,0
249,miccal,A,8,WHIT,zero,0
250,miccal,B,8,WHIT,zero,0
251,miccal,A,16,LM,,3
252,miccal,B,16,LM,,0
253,miccal,A,16,LM,herbivory,
254,miccal,B,16,LM,,1
255,miccal,A,16,LM,zero,0
256,miccal,B,16,LM,,0
257,miccal,A,16,LM,zero,0
258,miccal,B,16,LM,,1
259,miccal,A,16,LM,zero,0
260,miccal,B,16,LM,zero,0
261,miccal,A,16,LM,,5
262,miccal,B,16,LM,zero,0
263,miccal,A,16,LM,zero,0
264,miccal,B,16,LM,zero,0
265,miccal,A,16,LM,zero,0
266,miccal,B,16,LM,zero,0
267,miccal,A,16,LM,zero,0
268,miccal,B,16,LM,zero,0
269,miccal,A,16,LM,zero,0
270,miccal,B,16,LM,zero,0
271,miccal,A,16,LM,zero,0
272,miccal,B,16,LM,,0
273,miccal,A,16,LM,zero,0
274,miccal,B,16,LM,zero,0
275,miccal,A,16,LM,zero,0
276,miccal,B,16,LM,,0
277,miccal,A,16,LM,zero,0
278,miccal,B,16,LM,,0
279,miccal,A,16,LM,zero,0
280,miccal,B,16,LM,,3
281,miccal,A,16,LM,,3
282,miccal,B,16,LM,zero,0
283,miccal,A,16,LM,zero,0
284,miccal,B,16,LM,zero,0
285,miccal,A,16,LM,zero,0
286,miccal,B,16,LM,zero,0
287,miccal,A,16,LM,zero,0
288,miccal,B,16,LM,zero,0
289,miccal,A,16,LM,,0
290,miccal,B,16,LM,zero,0
291,miccal,A,16,LM,zero,0
292,miccal,B,16,LM,zero,0
293,miccal,A,16,LM,,0
294,miccal,B,16,LM,zero,0
295,miccal,A,16,LM,zero,0
296,miccal,B,16,LM,,0
297,miccal,A,16,LM,zero,0
298,miccal,B,16,LM,zero,0
299,miccal,A,16,LM,zero,0
300,miccal,B,16,LM,zero,0
301,miccal,A,17,LM,zero,0
302,miccal,B,17,LM,zero,0
303,miccal,A,17,LM,zero,0
304,miccal,B,17,LM,zero,0
305,miccal,A,17,LM,zero,0
306,miccal,B,17,LM,zero,0
307,miccal,A,17,LM,zero,0
308,miccal,B,17,LM,zero,0
309,miccal,A,17,LM,zero,0
310,miccal,B,17,LM,zero,0
311,miccal,A,17,LM,zero,0
312,miccal,B,17,LM,zero,0
313,miccal,A,17,LM,zero,0
314,miccal,B,17,LM,zero,0
315,miccal,A,17,LM,zero,0
316,miccal,B,17,LM,zero,0
317,miccal,A,17,LM,zero,0
318,miccal,B,17,LM,zero,0
319,miccal,A,17,LM,zero,0
320,miccal,B,17,LM,zero,0
321,miccal,A,17,LM,,0
322,miccal,B,17,LM,zero,0
323,miccal,A,17,LM,zero,0
324,miccal,B,17,LM,zero,0
325,miccal,A,17,LM,zero,0
326,miccal,B,17,LM,zero,0
327,miccal,A,17,LM,zero,0
328,miccal,B,17,LM,zero,0
329,miccal,A,17,LM,zero,0
330,miccal,B,17,LM,zero,0
331,miccal,A,17,LM,,3
332,miccal,B,17,LM,missing,
333,miccal,A,17,LM,zero,0
334,miccal,B,17,LM,zero,0
335,miccal,A,17,LM,,0
336,miccal,B,17,LM,zero,0
337,miccal,A,17,LM,zero,0
338,miccal,B,17,LM,zero,0
339,miccal,A,17,LM,zero,0
340,miccal,B,17,LM,zero,0
341,miccal,A,17,LM,,0
342,miccal,B,17,LM,zero,0
343,miccal,A,17,LM,,9
344,miccal,B,17,LM,zero,0
345,miccal,A,17,LM,zero,0
346,miccal,B,17,LM,zero,0
347,miccal,A,17,LM,zero,0
348,miccal,B,17,LM,zero,0
349,miccal,A,17,LM,zero,0
350,miccal,B,17,LM,missing,
351,miccal,A,19,LM,zero,0
352,miccal,B,19,LM,zero,0
353,miccal,A,19,LM,zero,0
354,miccal,B,19,LM,zero,0
355,miccal,A,19,LM,herbivory,
356,miccal,B,19,LM,missing,
357,miccal,A,19,LM,zero,0
358,miccal,B,19,LM,zero,0
359,miccal,A,19,LM,missing,
360,miccal,B,19,LM,zero,0
361,miccal,A,19,LM,zero,0
362,miccal,B,19,LM,zero,0
363,miccal,A,19,LM,missing,
364,miccal,B,19,LM,zero,0
365,miccal,A,19,LM,zero,0
366,miccal,B,19,LM,zero,0
367,miccal,A,19,LM,zero,0
368,miccal,B,19,LM,zero,0
369,miccal,A,19,LM,zero,0
370,miccal,B,19,LM,zero,0
371,miccal,A,19,LM,zero,0
372,miccal,B,19,LM,zero,0
373,miccal,A,19,LM,zero,0
374,miccal,B,19,LM,zero,0
375,miccal,A,19,LM,zero,0
376,miccal,B,19,LM,zero,0
377,miccal,A,19,LM,herbivory,
378,miccal,B,19,LM,missing,
379,miccal,A,19,LM,zero,0
380,miccal,B,19,LM,zero,0
381,miccal,A,19,LM,zero,0
382,miccal,B,19,LM,zero,0
383,miccal,A,19,LM,missing,
384,miccal,B,19,LM,zero,0
385,miccal,A,19,LM,missing,
386,miccal,B,19,LM,zero,0
387,miccal,A,19,LM,zero,0
388,miccal,B,19,LM,zero,0
389,miccal,A,19,LM,zero,0
390,miccal,B,19,LM,zero,0
391,miccal,A,19,LM,zero,0
392,miccal,B,19,LM,zero,0
393,miccal,A,19,LM,missing,
394,miccal,B,19,LM,zero,0
395,miccal,A,19,LM,zero,0
396,miccal,B,19,LM,zero,0
397,miccal,A,19,LM,missing,
398,miccal,B,19,LM,missing,
399,miccal,A,19,LM,missing,
400,miccal,B,19,LM,zero,0
701,miccal,A,15,HUT,no pipe,0
702,miccal,B,15,HUT,zero,0
703,miccal,A,15,HUT,zero,0
704,miccal,B,15,HUT,zero,0
705,miccal,A,15,HUT,missing,
706,miccal,B,15,HUT,zero,0
707,miccal,A,15,HUT,zero,0
708,miccal,B,15,HUT,zero,0
709,miccal,A,15,HUT,missing,
710,miccal,B,15,HUT,zero,0
711,miccal,A,15,HUT,zero,0
712,miccal,B,15,HUT,zero,0
713,miccal,A,15,HUT,zero,0
714,miccal,B,15,HUT,zero,0
715,miccal,A,15,HUT,no pipe,0
716,miccal,B,15,HUT,zero,0
717,miccal,A,15,HUT,zero,0
718,miccal,B,15,HUT,zero,0
719,miccal,A,15,HUT,zero,0
720,miccal,B,15,HUT,zero,0
721,miccal,A,15,HUT,missing,
722,miccal,B,15,HUT,zero,0
723,miccal,A,15,HUT,no pipe,0
724,miccal,B,15,HUT,missing,
725,miccal,A,15,HUT,zero,0
726,miccal,B,15,HUT,zero,0
727,miccal,A,15,HUT,zero,0
728,miccal,B,15,HUT,zero,0
729,miccal,A,15,HUT,no pipe,0
730,miccal,B,15,HUT,zero,0
731,miccal,A,15,HUT,zero,0
732,miccal,B,15,HUT,,2
733,miccal,A,15,HUT,zero,0
734,miccal,B,15,HUT,zero,0
735,miccal,A,15,HUT,zero,0
736,miccal,B,15,HUT,zero,0
737,miccal,A,15,HUT,no pipe,0
738,miccal,B,15,HUT,zero,0
739,miccal,A,15,HUT,zero,0
740,miccal,B,15,HUT,zero,0
741,miccal,A,15,HUT,,4
742,miccal,B,15,HUT,zero,0
743,miccal,A,15,HUT,no pipe,0
744,miccal,B,15,HUT,zero,0
745,miccal,A,15,HUT,zero,0
746,miccal,B,15,HUT,zero,0
747,miccal,A,15,HUT,zero,0
748,miccal,B,15,HUT,zero,0
749,miccal,A,15,HUT,missing,
750,miccal,B,15,HUT,zero,0
651,miccal,A,14,HUT,no pipe,0
652,miccal,B,14,HUT,zero,0
653,miccal,A,14,HUT,no pipe,0
654,miccal,B,14,HUT,zero,0
655,miccal,A,14,HUT,zero,0
656,miccal,B,14,HUT,zero,0
657,miccal,A,14,HUT,no pipe,0
658,miccal,B,14,HUT,zero,0
659,miccal,A,14,HUT,zero,0
660,miccal,B,14,HUT,zero,0
661,miccal,A,14,HUT,missing,
662,miccal,B,14,HUT,zero,0
663,miccal,A,14,HUT,missing,
664,miccal,B,14,HUT,zero,0
665,miccal,A,14,HUT,no pipe,0
666,miccal,B,14,HUT,zero,0
667,miccal,A,14,HUT,zero,0
668,miccal,B,14,HUT,zero,0
669,miccal,A,14,HUT,no pipe,0
670,miccal,B,14,HUT,zero,0
671,miccal,A,14,HUT,zero,0
672,miccal,B,14,HUT,zero,0
673,miccal,A,14,HUT,no pipe,0
674,miccal,B,14,HUT,no pipe,0
675,miccal,A,14,HUT,no pipe,0
676,miccal,B,14,HUT,zero,0
677,miccal,A,14,HUT,no pipe,0
678,miccal,B,14,HUT,zero,0
679,miccal,A,14,HUT,no pipe,0
680,miccal,B,14,HUT,zero,0
681,miccal,A,14,HUT,no pipe,0
682,miccal,B,14,HUT,zero,0
683,miccal,A,14,HUT,zero,0
684,miccal,B,14,HUT,zero,0
685,miccal,A,14,HUT,no pipe,0
686,miccal,B,14,HUT,zero,0
687,miccal,A,14,HUT,no pipe,0
688,miccal,B,14,HUT,zero,0
689,miccal,A,14,HUT,no pipe,0
690,miccal,B,14,HUT,zero,0
691,miccal,A,14,HUT,missing,
692,miccal,B,14,HUT,zero,0
693,miccal,A,14,HUT,missing,
694,miccal,B,14,HUT,zero,0
695,miccal,A,14,HUT,no pipe,0
696,miccal,B,14,HUT,zero,0
697,miccal,A,14,HUT,missing,
698,miccal,B,14,HUT,zero,0
699,miccal,A,14,HUT,zero,0
700,miccal,B,14,HUT,missing,
601,miccal,A,11,HUT,no pipe,0
602,miccal,B,11,HUT,zero,0
603,miccal,A,11,HUT,missing,
604,miccal,B,11,HUT,missing,
605,miccal,A,11,HUT,zero,0
606,miccal,B,11,HUT,zero,0
607,miccal,A,11,HUT,zero,0
608,miccal,B,11,HUT,zero,0
609,miccal,A,11,HUT,herbivory,
610,miccal,B,11,HUT,zero,0
611,miccal,A,11,HUT,no pipe,0
612,miccal,B,11,HUT,zero,0
613,miccal,A,11,HUT,no pipe,0
614,miccal,B,11,HUT,no fruit,0
615,miccal,A,11,HUT,no pipe,0
616,miccal,B,11,HUT,zero,0
617,miccal,A,11,HUT,no pipe,0
618,miccal,B,11,HUT,zero,0
619,miccal,A,11,HUT,no pipe,0
620,miccal,B,11,HUT,zero,0
621,miccal,A,11,HUT,missing,
622,miccal,B,11,HUT,missing,
623,miccal,A,11,HUT,missing,
624,miccal,B,11,HUT,zero,0
625,miccal,A,11,HUT,no pipe,0
626,miccal,B,11,HUT,zero,0
627,miccal,A,11,HUT,missing,
628,miccal,B,11,HUT,zero,0
629,miccal,A,11,HUT,zero,0
630,miccal,B,11,HUT,zero,0
631,miccal,A,11,HUT,no pipe,0
632,miccal,B,11,HUT,zero,0
633,miccal,A,11,HUT,missing,
634,miccal,B,11,HUT,zero,0
635,miccal,A,11,HUT,no pipe,0
636,miccal,B,11,HUT,zero,0
637,miccal,A,11,HUT,no pipe,0
638,miccal,B,11,HUT,zero,0
639,miccal,A,11,HUT,no pipe,0
640,miccal,B,11,HUT,missing,
641,miccal,A,11,HUT,missing,
642,miccal,B,11,HUT,herbivory,0
643,miccal,A,11,HUT,zero,0
644,miccal,B,11,HUT,zero,0
645,miccal,A,11,HUT,zero,0
646,miccal,B,11,HUT,zero,0
647,miccal,A,11,HUT,no pipe,0
648,miccal,B,11,HUT,zero,0
649,miccal,A,11,HUT,zero,0
650,miccal,B,11,HUT,missing,
751,miccal,A,22,KNOX,zero,0
752,miccal,B,22,KNOX,zero,0
753,miccal,A,22,KNOX,zero,0
754,miccal,B,22,KNOX,zero,0
755,miccal,A,22,KNOX,missing,
756,miccal,B,22,KNOX,no pipe,0
757,miccal,A,22,KNOX,missing,
758,miccal,B,22,KNOX,zero,0
759,miccal,A,22,KNOX,no pipe,0
760,miccal,B,22,KNOX,zero,0
761,miccal,A,22,KNOX,no pipe,0
762,miccal,B,22,KNOX,zero,0
763,miccal,A,22,KNOX,missing,
764,miccal,B,22,KNOX,zero,0
765,miccal,A,22,KNOX,no pipe,0
766,miccal,B,22,KNOX,zero,0
767,miccal,A,22,KNOX,missing,
768,miccal,B,22,KNOX,zero,0
769,miccal,A,22,KNOX,missing,
770,miccal,B,22,KNOX,zero,0
771,miccal,A,22,KNOX,zero,0
772,miccal,B,22,KNOX,zero,0
773,miccal,A,22,KNOX,missing,
774,miccal,B,22,KNOX,zero,0
775,miccal,A,22,KNOX,no pipe,0
776,miccal,B,22,KNOX,zero,0
777,miccal,A,22,KNOX,missing,
778,miccal,B,22,KNOX,zero,0
779,miccal,A,22,KNOX,missing,
780,miccal,B,22,KNOX,zero,0
781,miccal,A,22,KNOX,missing,
782,miccal,B,22,KNOX,zero,0
783,miccal,A,22,KNOX,missing,
784,miccal,B,22,KNOX,zero,0
785,miccal,A,22,KNOX,no pipe,0
786,miccal,B,22,KNOX,zero,0
787,miccal,A,22,KNOX,missing,
788,miccal,B,22,KNOX,missing,
789,miccal,A,22,KNOX,,6
790,miccal,B,22,KNOX,zero,0
791,miccal,A,22,KNOX,zero,0
792,miccal,B,22,KNOX,zero,0
793,miccal,A,22,KNOX,zero,0
794,miccal,B,22,KNOX,zero,0
795,miccal,A,22,KNOX,zero,0
796,miccal,B,22,KNOX,zero,0
797,miccal,A,22,KNOX,zero,0
798,miccal,B,22,KNOX,zero,0
799,miccal,A,22,KNOX,no pipe,0
800,miccal,B,22,KNOX,zero,0
801,miccal,A,21,KNOX,missing,
802,miccal,B,21,KNOX,missing,
803,miccal,A,21,KNOX,zero,0
804,miccal,B,21,KNOX,zero,0
805,miccal,A,21,KNOX,zero,0
806,miccal,B,21,KNOX,zero,0
807,miccal,A,21,KNOX,zero,0
808,miccal,B,21,KNOX,zero,0
809,miccal,A,21,KNOX,zero,0
810,miccal,B,21,KNOX,zero,0
811,miccal,A,21,KNOX,no pipe,0
812,miccal,B,21,KNOX,zero,0
813,miccal,A,21,KNOX,no pipe,0
814,miccal,B,21,KNOX,zero,0
815,miccal,A,21,KNOX,zero,0
816,miccal,B,21,KNOX,zero,0
817,miccal,A,21,KNOX,zero,0
818,miccal,B,21,KNOX,zero,0
819,miccal,A,21,KNOX,zero,0
820,miccal,B,21,KNOX,zero,0
821,miccal,A,21,KNOX,zero,0
822,miccal,B,21,KNOX,zero,0
823,miccal,A,21,KNOX,zero,0
824,miccal,B,21,KNOX,zero,0
825,miccal,A,21,KNOX,no pipe,0
826,miccal,B,21,KNOX,zero,0
827,miccal,A,21,KNOX,zero,0
828,miccal,B,21,KNOX,zero,0
829,miccal,A,21,KNOX,,3
830,miccal,B,21,KNOX,zero,0
831,miccal,A,21,KNOX,zero,0
832,miccal,B,21,KNOX,zero,0
833,miccal,A,21,KNOX,zero,0
834,miccal,B,21,KNOX,zero,0
835,miccal,A,21,KNOX,zero,0
836,miccal,B,21,KNOX,zero,0
837,miccal,A,21,KNOX,zero,0
838,miccal,B,21,KNOX,zero,0
839,miccal,A,21,KNOX,zero,0
840,miccal,B,21,KNOX,zero,0
841,miccal,A,21,KNOX,zero,0
842,miccal,B,21,KNOX,zero,0
843,miccal,A,21,KNOX,zero,0
844,miccal,B,21,KNOX,zero,0
845,miccal,A,21,KNOX,zero,0
846,miccal,B,21,KNOX,zero,0
847,miccal,A,21,KNOX,zero,0
848,miccal,B,21,KNOX,zero,0
849,miccal,A,21,KNOX,zero,0
850,miccal,B,21,KNOX,,0
851,miccal,A,25,KNOX,,0
852,miccal,B,25,KNOX,zero,0
853,miccal,A,25,KNOX,zero,0
854,miccal,B,25,KNOX,zero,0
855,miccal,A,25,KNOX,zero,0
856,miccal,B,25,KNOX,zero,0
857,miccal,A,25,KNOX,zero,0
858,miccal,B,25,KNOX,zero,0
859,miccal,A,25,KNOX,zero,0
860,miccal,B,25,KNOX,zero,0
861,miccal,A,25,KNOX,zero,0
862,miccal,B,25,KNOX,zero,0
863,miccal,A,25,KNOX,zero,0
864,miccal,B,25,KNOX,zero,0
865,miccal,A,25,KNOX,zero,0
866,miccal,B,25,KNOX,,2
867,miccal,A,25,KNOX,zero,0
868,miccal,B,25,KNOX,zero,0
869,miccal,A,25,KNOX,zero,0
870,miccal,B,25,KNOX,zero,0
871,miccal,A,25,KNOX,zero,0
872,miccal,B,25,KNOX,zero,0
873,miccal,A,25,KNOX,missing,
874,miccal,B,25,KNOX,zero,0
875,miccal,A,25,KNOX,missing,
876,miccal,B,25,KNOX,zero,0
877,miccal,A,25,KNOX,zero,0
878,miccal,B,25,KNOX,zero,0
879,miccal,A,25,KNOX,missing,
880,miccal,B,25,KNOX,zero,0
881,miccal,A,25,KNOX,no pipe,0
882,miccal,B,25,KNOX,zero,0
883,miccal,A,25,KNOX,missing,
884,miccal,B,25,KNOX,missing,
885,miccal,A,25,KNOX,zero,0
886,miccal,B,25,KNOX,zero,0
887,miccal,A,25,KNOX,missing,
888,miccal,B,25,KNOX,missing,
889,miccal,A,25,KNOX,zero,0
890,miccal,B,25,KNOX,zero,0
891,miccal,A,25,KNOX,,0
892,miccal,B,25,KNOX,zero,0
893,miccal,A,25,KNOX,missing,
894,miccal,B,25,KNOX,herbivory,
895,miccal,A,25,KNOX,missing,
896,miccal,B,25,KNOX,missing,
897,miccal,A,25,KNOX,missing,
898,miccal,B,25,KNOX,missing,
899,miccal,A,25,KNOX,missing,
900,miccal,B,25,KNOX,zero,0
1,miccal,A,26,RES,zero,0
2,miccal,B,26,RES,zero,0
3,miccal,A,26,RES,missing,
4,miccal,B,26,RES,zero,0
5,miccal,A,26,RES,zero,0
6,miccal,B,26,RES,zero,0
7,miccal,A,26,RES,zero,0
8,miccal,B,26,RES,zero,0
9,miccal,A,26,RES,,2
10,miccal,B,26,RES,,1
11,miccal,A,26,RES,zero,0
12,miccal,B,26,RES,zero,0
13,miccal,A,26,RES,zero,0
14,miccal,B,26,RES,,2
15,miccal,A,26,RES,zero,0
16,miccal,B,26,RES,zero,0
17,miccal,A,26,RES,zero,0
18,miccal,B,26,RES,zero,0
19,miccal,A,26,RES,zero,0
20,miccal,B,26,RES,zero,0
21,miccal,A,26,RES,zero,0
22,miccal,B,26,RES,zero,0
23,miccal,A,26,RES,zero,0
24,miccal,B,26,RES,zero,0
25,miccal,A,26,RES,zero,0
26,miccal,B,26,RES,zero,0
27,miccal,A,26,RES,zero,0
28,miccal,B,26,RES,,2
29,miccal,A,26,RES,zero,0
30,miccal,B,26,RES,zero,0
31,miccal,A,26,RES,zero,0
32,miccal,B,26,RES,zero,0
33,miccal,A,26,RES,zero,0
34,miccal,B,26,RES,,1
35,miccal,A,26,RES,zero,0
36,miccal,B,26,RES,zero,0
37,miccal,A,26,RES,zero,0
38,miccal,B,26,RES,zero,0
39,miccal,A,26,RES,zero,0
40,miccal,B,26,RES,zero,0
41,miccal,A,26,RES,zero,0
42,miccal,B,26,RES,zero,0
43,miccal,A,26,RES,zero,0
44,miccal,B,26,RES,zero,0
45,miccal,A,26,RES,zero,0
46,miccal,B,26,RES,zero,0
47,miccal,A,26,RES,zero,0
48,miccal,B,26,RES,zero,0
49,miccal,A,26,RES,missing,
50,miccal,B,26,RES,zero,0
401,miccal,A,27,RES,no pipe,0
402,miccal,B,27,RES,zero,0
403,miccal,A,27,RES,zero,0
404,miccal,B,27,RES,zero,0
405,miccal,A,27,RES,zero,0
406,miccal,B,27,RES,zero,0
407,miccal,A,27,RES,zero,0
408,miccal,B,27,RES,zero,0
409,miccal,A,27,RES,no pipe,
410,miccal,B,27,RES,zero,0
411,miccal,A,27,RES,no pipe,
412,miccal,B,27,RES,zero,0
413,miccal,A,27,RES,zero,0
414,miccal,B,27,RES,zero,0
415,miccal,A,27,RES,zero,0
416,miccal,B,27,RES,,1
417,miccal,A,27,RES,no pipe,
418,miccal,B,27,RES,missing,
419,miccal,A,27,RES,,0
420,miccal,B,27,RES,zero,0
421,miccal,A,27,RES,zero,0
422,miccal,B,27,RES,zero,0
423,miccal,A,27,RES,,0
424,miccal,B,27,RES,zero,0
425,miccal,A,27,RES,zero,0
426,miccal,B,27,RES,,1
427,miccal,A,27,RES,missing,
428,miccal,B,27,RES,zero,0
429,miccal,A,27,RES,no pipe,
430,miccal,B,27,RES,no pipe,
431,miccal,A,27,RES,no pipe,
432,miccal,B,27,RES,zero,0
433,miccal,A,27,RES,zero,0
434,miccal,B,27,RES,zero,0
435,miccal,A,27,RES,no pipe,
436,miccal,B,27,RES,zero,0
437,miccal,A,27,RES,no pipe,
438,miccal,B,27,RES,zero,0
439,miccal,A,27,RES,no pipe,
440,miccal,B,27,RES,zero,0
441,miccal,A,27,RES,missing,
442,miccal,B,27,RES,zero,0
443,miccal,A,27,RES,zero,0
444,miccal,B,27,RES,zero,0
445,miccal,A,27,RES,no pipe,0
446,miccal,B,27,RES,zero,0
467,miccal,A,27,RES,zero,0
468,miccal,B,27,RES,,0
649,miccal,A,27,RES,zero,0
650,miccal,B,27,RES,zero,0
451,miccal,A,28,RES,zero,0
452,miccal,B,28,RES,zero,0
453,miccal,A,28,RES,no pipe,
454,miccal,B,28,RES,zero,0
455,miccal,A,28,RES,no pipe,
456,miccal,B,28,RES,zero,0
457,miccal,A,28,RES,,2
458,miccal,B,28,RES,zero,0
459,miccal,A,28,RES,no pipe,
460,miccal,B,28,RES,zero,0
461,miccal,A,28,RES,missing,
462,miccal,B,28,RES,,0
463,miccal,A,28,RES,missing,
464,miccal,B,28,RES,,1
465,miccal,A,28,RES,zero,0
466,miccal,B,28,RES,no pipe,0
467,miccal,A,28,RES,zero,0
468,miccal,B,28,RES,zero,0
469,miccal,A,28,RES,zero,0
470,miccal,B,28,RES,no pipe,0
471,miccal,A,28,RES,,0
472,miccal,B,28,RES,zero,0
473,miccal,A,28,RES,no pipe,
474,miccal,B,28,RES,zero,0
475,miccal,A,28,RES,zero,0
476,miccal,B,28,RES,zero,0
477,miccal,A,28,RES,zero,0
478,miccal,B,28,RES,zero,0
479,miccal,A,28,RES,no pipe,
480,miccal,B,28,RES,,1
481,miccal,A,28,RES,no pipe,
482,miccal,B,28,RES,zero,0
483,miccal,A,28,RES,zero,0
484,miccal,B,28,RES,missing,
485,miccal,A,28,RES,no pipe,
486,miccal,B,28,RES,zero,0
487,miccal,A,28,RES,no pipe,
488,miccal,B,28,RES,,0
489,miccal,A,28,RES,no pipe,0
490,miccal,B,28,RES,zero,0
491,miccal,A,28,RES,no pipe,
492,miccal,B,28,RES,zero,0
493,miccal,A,28,RES,missing,
494,miccal,B,28,RES,zero,0
495,miccal,A,28,RES,zero,0
496,miccal,B,28,RES,zero,0
497,miccal,A,28,RES,zero,0
498,miccal,B,28,RES,,1
499,miccal,A,28,RES,no pipe,0
450,miccal,B,28,RES,no pipe,0
1501,plaere,A,1,TAIL,no pipe,58
1502,plaere,B,1,TAIL,,0
1503,plaere,A,1,TAIL,missing,
1504,plaere,B,1,TAIL,,0
1505,plaere,A,1,TAIL,missing,
1506,plaere,B,1,TAIL,,6
1507,plaere,A,1,TAIL,no pipe,11
1508,plaere,B,1,TAIL,,0
1509,plaere,A,1,TAIL,,24
1510,plaere,B,1,TAIL,,0
1511,plaere,A,1,TAIL,,0
1512,plaere,B,1,TAIL,,2
1513,plaere,A,1,TAIL,missing,
1514,plaere,B,1,TAIL,,8
1515,plaere,A,1,TAIL,no pipe,18
1516,plaere,B,1,TAIL,,0
1517,plaere,A,1,TAIL,no pipe,10
1518,plaere,B,1,TAIL,,0
1519,plaere,A,1,TAIL,missing,
1520,plaere,B,1,TAIL,,2
1521,plaere,A,1,TAIL,no pipe,24
1522,plaere,B,1,TAIL,,0
1523,plaere,A,1,TAIL,,0
1524,plaere,B,1,TAIL,,2
1525,plaere,A,1,TAIL,missing,
1526,plaere,B,1,TAIL,,0
1527,plaere,A,1,TAIL,missing,
1528,plaere,B,1,TAIL,,26
1529,plaere,A,1,TAIL,,24
1530,plaere,B,1,TAIL,,0
1531,plaere,A,1,TAIL,,0
1532,plaere,B,1,TAIL,,0
1533,plaere,A,1,TAIL,,42
1534,plaere,B,1,TAIL,,0
1535,plaere,A,1,TAIL,no pipe,44
1536,plaere,B,1,TAIL,,0
1537,plaere,A,1,TAIL,,0
1538,plaere,B,1,TAIL,,2
1539,plaere,A,1,TAIL,,0
1540,plaere,B,1,TAIL,,0
1541,plaere,A,1,TAIL,,47
1542,plaere,B,1,TAIL,,52
1543,plaere,A,1,TAIL,no pipe,6
1544,plaere,B,1,TAIL,,0
1545,plaere,A,1,TAIL,,0
1546,plaere,B,1,TAIL,,5
1547,plaere,A,1,TAIL,,0
1548,plaere,B,1,TAIL,,12
1549,plaere,A,1,TAIL,,10
1550,plaere,B,1,TAIL,,2
1101,plaere,A,2,TAIL,missing,
1102,plaere,B,2,TAIL,,0
1103,plaere,A,2,TAIL,missing,
1104,plaere,B,2,TAIL,,1
1105,plaere,A,2,TAIL,missing,
1106,plaere,B,2,TAIL,,7
1107,plaere,A,2,TAIL,missing,
1108,plaere,B,2,TAIL,,4
1109,plaere,A,2,TAIL,,12
1110,plaere,B,2,TAIL,,2
1111,plaere,A,2,TAIL,,22
1112,plaere,B,2,TAIL,,12
1113,plaere,A,2,TAIL,no pipe,107
1114,plaere,B,2,TAIL,,4
1115,plaere,A,2,TAIL,,26
1116,plaere,B,2,TAIL,,5
1117,plaere,A,2,TAIL,missing,
1118,plaere,B,2,TAIL,,4
1119,plaere,A,2,TAIL,no pipe,6
1120,plaere,B,2,TAIL,missing,
1121,plaere,A,2,TAIL,,0
1122,plaere,B,2,TAIL,missing,
1123,plaere,A,2,TAIL,missing,
1124,plaere,B,2,TAIL,no pipe,4
1125,plaere,A,2,TAIL,,6
1126,plaere,B,2,TAIL,,4
1127,plaere,A,2,TAIL,missing,
1128,plaere,B,2,TAIL,,4
1129,plaere,A,2,TAIL,no pipe,30
1130,plaere,B,2,TAIL,missing,
1131,plaere,A,2,TAIL,missing,
1132,plaere,B,2,TAIL,zero,0
1133,plaere,A,2,TAIL,missing,
1134,plaere,B,2,TAIL,,2
1135,plaere,A,2,TAIL,no pipe,44
1136,plaere,B,2,TAIL,zero,0
1137,plaere,A,2,TAIL,missing,
1138,plaere,B,2,TAIL,zero,0
1139,plaere,A,2,TAIL,missing,
1140,plaere,B,2,TAIL,,2
1141,plaere,A,2,TAIL,missing,
1142,plaere,B,2,TAIL,missing,
1143,plaere,A,2,TAIL,missing,
1144,plaere,B,2,TAIL,missing,
1145,plaere,A,2,TAIL,no pipe,26
1146,plaere,B,2,TAIL,,4
1147,plaere,A,2,TAIL,no pipe,9
1148,plaere,B,2,TAIL,zero,0
1149,plaere,A,2,TAIL,zero,0
1150,plaere,B,2,TAIL,,2
1551,plaere,A,5,TAIL,,6
1552,plaere,B,5,TAIL,,0
1553,plaere,A,5,TAIL,,16
1554,plaere,B,5,TAIL,,0
1555,plaere,A,5,TAIL,,0
1556,plaere,B,5,TAIL,,0
1557,plaere,A,5,TAIL,missing,
1558,plaere,B,5,TAIL,,0
1559,plaere,A,5,TAIL,,0
1560,plaere,B,5,TAIL,,16
1561,plaere,A,5,TAIL,missing,
1562,plaere,B,5,TAIL,,0
1563,plaere,A,5,TAIL,,50
1564,plaere,B,5,TAIL,,0
1565,plaere,A,5,TAIL,,0
1566,plaere,B,5,TAIL,,8
1567,plaere,A,5,TAIL,,45
1568,plaere,B,5,TAIL,,18
1569,plaere,A,5,TAIL,,37
1570,plaere,B,5,TAIL,,14
1571,plaere,A,5,TAIL,no pipe,14
1572,plaere,B,5,TAIL,,0
1573,plaere,A,5,TAIL,,12
1574,plaere,B,5,TAIL,,0
1575,plaere,A,5,TAIL,,0
1576,plaere,B,5,TAIL,,0
1577,plaere,A,5,TAIL,,0
1578,plaere,B,5,TAIL,,0
1579,plaere,A,5,TAIL,,16
1580,plaere,B,5,TAIL,,0
1581,plaere,A,5,TAIL,,0
1582,plaere,B,5,TAIL,,0
1583,plaere,A,5,TAIL,,6
1584,plaere,B,5,TAIL,,0
1585,plaere,A,5,TAIL,,55
1586,plaere,B,5,TAIL,,0
1587,plaere,A,5,TAIL,,0
1588,plaere,B,5,TAIL,,8
1589,plaere,A,5,TAIL,no pipe,0
1590,plaere,B,5,TAIL,,0
1591,plaere,A,5,TAIL,no pipe,0
1592,plaere,B,5,TAIL,,4
1593,plaere,A,5,TAIL,no pipe,11
1594,plaere,B,5,TAIL,missing,
1595,plaere,A,5,TAIL,,0
1596,plaere,B,5,TAIL,,0
1597,plaere,A,5,TAIL,missing,
1598,plaere,B,5,TAIL,no pipe,87
1599,plaere,A,5,TAIL,,8
1600,plaere,B,5,TAIL,zero,0
1051,plaere,A,6,WHIT,,16
1052,plaere,B,6,WHIT,,3
1053,plaere,A,6,WHIT,,2
1054,plaere,B,6,WHIT,,0
1055,plaere,A,6,WHIT,,10
1056,plaere,B,6,WHIT,,3
1057,plaere,A,6,WHIT,,12
1058,plaere,B,6,WHIT,,4
1059,plaere,A,6,WHIT,,6
1060,plaere,B,6,WHIT,,2
1061,plaere,A,6,WHIT,,8
1062,plaere,B,6,WHIT,,8
1063,plaere,A,6,WHIT,,0
1064,plaere,B,6,WHIT,,4
1065,plaere,A,6,WHIT,,0
1066,plaere,B,6,WHIT,,0
1067,plaere,A,6,WHIT,,2
1068,plaere,B,6,WHIT,,1
1069,plaere,A,6,WHIT,,0
1070,plaere,B,6,WHIT,,1
1071,plaere,A,6,WHIT,,0
1072,plaere,B,6,WHIT,,0
1073,plaere,A,6,WHIT,,8
1074,plaere,B,6,WHIT,,4
1075,plaere,A,6,WHIT,,13
1076,plaere,B,6,WHIT,,4
1077,plaere,A,6,WHIT,,4
1078,plaere,B,6,WHIT,,0
1079,plaere,A,6,WHIT,,54
1080,plaere,B,6,WHIT,,5
1081,plaere,A,6,WHIT,,0
1082,plaere,B,6,WHIT,,0
1083,plaere,A,6,WHIT,,11
1084,plaere,B,6,WHIT,,2
1085,plaere,A,6,WHIT,zero,0
1086,plaere,B,6,WHIT,,4
1087,plaere,A,6,WHIT,,8
1088,plaere,B,6,WHIT,,2
1089,plaere,A,6,WHIT,,36
1090,plaere,B,6,WHIT,,4
1091,plaere,A,6,WHIT,,42
1092,plaere,B,6,WHIT,,0
1093,plaere,A,6,WHIT,,4
1094,plaere,B,6,WHIT,,2
1095,plaere,A,6,WHIT,,17
1096,plaere,B,6,WHIT,,5
1097,plaere,A,6,WHIT,,2
1098,plaere,B,6,WHIT,,1
1099,plaere,A,6,WHIT,,33
1100,plaere,B,6,WHIT,,0
1151,plaere,A,9,WHIT,,0
1152,plaere,B,9,WHIT,,6
1153,plaere,A,9,WHIT,no pipe,0
1154,plaere,B,9,WHIT,,2
1155,plaere,A,9,WHIT,,0
1156,plaere,B,9,WHIT,,0
1157,plaere,A,9,WHIT,,13
1158,plaere,B,9,WHIT,,0
1159,plaere,A,9,WHIT,,4
1160,plaere,B,9,WHIT,,4
1161,plaere,A,9,WHIT,,0
1162,plaere,B,9,WHIT,,0
1163,plaere,A,9,WHIT,,22
1164,plaere,B,9,WHIT,,4
1165,plaere,A,9,WHIT,,0
1166,plaere,B,9,WHIT,,0
1167,plaere,A,9,WHIT,,20
1168,plaere,B,9,WHIT,zero,0
1169,plaere,A,9,WHIT,no pipe,0
1170,plaere,B,9,WHIT,,4
1171,plaere,A,9,WHIT,,1
1172,plaere,B,9,WHIT,,8
1173,plaere,A,9,WHIT,,0
1174,plaere,B,9,WHIT,,2
1175,plaere,A,9,WHIT,,0
1176,plaere,B,9,WHIT,,1
1177,plaere,A,9,WHIT,,29
1178,plaere,B,9,WHIT,,0
1179,plaere,A,9,WHIT,,0
1180,plaere,B,9,WHIT,,8
1181,plaere,A,9,WHIT,,45
1182,plaere,B,9,WHIT,,7
1183,plaere,A,9,WHIT,,8
1184,plaere,B,9,WHIT,,4
1185,plaere,A,9,WHIT,,43
1186,plaere,B,9,WHIT,,0
1187,plaere,A,9,WHIT,,0
1188,plaere,B,9,WHIT,,0
1189,plaere,A,9,WHIT,,15
1190,plaere,B,9,WHIT,,2
1191,plaere,A,9,WHIT,,0
1192,plaere,B,9,WHIT,zero,0
1193,plaere,A,9,WHIT,,0
1194,plaere,B,9,WHIT,,0
1195,plaere,A,9,WHIT,,73
1196,plaere,B,9,WHIT,,10
1197,plaere,A,9,WHIT,,12
1198,plaere,B,9,WHIT,,5
1199,plaere,A,9,WHIT,,16
1200,plaere,B,9,WHIT,,10
1201,plaere,A,8,WHIT,,73
1202,plaere,B,8,WHIT,zero,0
1203,plaere,A,8,WHIT,zero,0
1204,plaere,B,8,WHIT,zero,0
1205,plaere,A,8,WHIT,zero,0
1206,plaere,B,8,WHIT,zero,0
1207,plaere,A,8,WHIT,,83
1208,plaere,B,8,WHIT,zero,0
1209,plaere,A,8,WHIT,,48
1210,plaere,B,8,WHIT,zero,0
1211,plaere,A,8,WHIT,,35
1212,plaere,B,8,WHIT,,2
1213,plaere,A,8,WHIT,zero,0
1214,plaere,B,8,WHIT,,12
1215,plaere,A,8,WHIT,,12
1216,plaere,B,8,WHIT,zero,0
1217,plaere,A,8,WHIT,,3
1218,plaere,B,8,WHIT,zero,0
1219,plaere,A,8,WHIT,,0
1220,plaere,B,8,WHIT,,6
1221,plaere,A,8,WHIT,,41
1222,plaere,B,8,WHIT,,10
1223,plaere,A,8,WHIT,zero,0
1224,plaere,B,8,WHIT,zero,0
1225,plaere,A,8,WHIT,,41
1226,plaere,B,8,WHIT,zero,0
1227,plaere,A,8,WHIT,missing,
1228,plaere,B,8,WHIT,missing,
1229,plaere,A,8,WHIT,,37
1230,plaere,B,8,WHIT,,8
1231,plaere,A,8,WHIT,,45
1232,plaere,B,8,WHIT,zero,0
1233,plaere,A,8,WHIT,,36
1234,plaere,B,8,WHIT,zero,0
1235,plaere,A,8,WHIT,,29
1236,plaere,B,8,WHIT,,12
1237,plaere,A,8,WHIT,zero,0
1238,plaere,B,8,WHIT,zero,0
1239,plaere,A,8,WHIT,zero,0
1240,plaere,B,8,WHIT,,2
1241,plaere,A,8,WHIT,zero,0
1242,plaere,B,8,WHIT,zero,0
1243,plaere,A,8,WHIT,,85
1244,plaere,B,8,WHIT,,
1245,plaere,A,8,WHIT,,29
1246,plaere,B,8,WHIT,,0
1247,plaere,A,8,WHIT,,38
1248,plaere,B,8,WHIT,,14
1249,plaere,A,8,WHIT,,0
1250,plaere,B,8,WHIT,,12
1251,plaere,A,16,LM,,0
1252,plaere,B,16,LM,,0
1253,plaere,A,16,LM,zero,0
1254,plaere,B,16,LM,zero,0
1255,plaere,A,16,LM,,2
1256,plaere,B,16,LM,,0
1257,plaere,A,16,LM,,0
1258,plaere,B,16,LM,,0
1259,plaere,A,16,LM,,6
1260,plaere,B,16,LM,,1
1261,plaere,A,16,LM,,7
1262,plaere,B,16,LM,,1
1263,plaere,A,16,LM,zero,0
1264,plaere,B,16,LM,,7
1265,plaere,A,16,LM,,3
1266,plaere,B,16,LM,,2
1267,plaere,A,16,LM,,0
1268,plaere,B,16,LM,,0
1269,plaere,A,16,LM,,5
1270,plaere,B,16,LM,,0
1271,plaere,A,16,LM,,0
1272,plaere,B,16,LM,,2
1273,plaere,A,16,LM,,4
1274,plaere,B,16,LM,,0
1275,plaere,A,16,LM,,2
1276,plaere,B,16,LM,,0
1277,plaere,A,16,LM,,1
1278,plaere,B,16,LM,,0
1279,plaere,A,16,LM,,11
1280,plaere,B,16,LM,,0
1281,plaere,A,16,LM,,0
1282,plaere,B,16,LM,zero,0
1283,plaere,A,16,LM,missing,
1284,plaere,B,16,LM,herbivory,
1285,plaere,A,16,LM,,1
1286,plaere,B,16,LM,zero,0
1287,plaere,A,16,LM,,0
1288,plaere,B,16,LM,zero,0
1289,plaere,A,16,LM,,0
1290,plaere,B,16,LM,,0
1291,plaere,A,16,LM,,0
1292,plaere,B,16,LM,,0
1293,plaere,A,16,LM,,0
1294,plaere,B,16,LM,,2
1295,plaere,A,16,LM,,0
1296,plaere,B,16,LM,,2
1297,plaere,A,16,LM,zero,0
1298,plaere,B,16,LM,,2
1299,plaere,A,16,LM,zero,0
1300,plaere,B,16,LM,,0
1301,plaere,A,17,LM,,0
1302,plaere,B,17,LM,,0
1303,plaere,A,17,LM,,0
1304,plaere,B,17,LM,,0
1305,plaere,A,17,LM,,0
1306,plaere,B,17,LM,zero,0
1307,plaere,A,17,LM,,2
1308,plaere,B,17,LM,zero,0
1309,plaere,A,17,LM,,6
1310,plaere,B,17,LM,,0
1311,plaere,A,17,LM,,0
1312,plaere,B,17,LM,,0
1313,plaere,A,17,LM,,0
1314,plaere,B,17,LM,zero,0
1315,plaere,A,17,LM,,0
1316,plaere,B,17,LM,,0
1317,plaere,A,17,LM,,0
1318,plaere,B,17,LM,,1
1319,plaere,A,17,LM,no pipe,0
1320,plaere,B,17,LM,zero,0
1321,plaere,A,17,LM,,0
1322,plaere,B,17,LM,zero,0
1323,plaere,A,17,LM,,0
1324,plaere,B,17,LM,zero,0
1325,plaere,A,17,LM,,2
1326,plaere,B,17,LM,zero,0
1327,plaere,A,17,LM,,2
1328,plaere,B,17,LM,zero,0
1329,plaere,A,17,LM,,1
1330,plaere,B,17,LM,zero,0
1331,plaere,A,17,LM,missing,
1332,plaere,B,17,LM,no pipe,0
1333,plaere,A,17,LM,,2
1334,plaere,B,17,LM,missing,
1335,plaere,A,17,LM,zero,0
1336,plaere,B,17,LM,,0
1337,plaere,A,17,LM,,0
1338,plaere,B,17,LM,,0
1339,plaere,A,17,LM,,2
1340,plaere,B,17,LM,herbivory,0
1341,plaere,A,17,LM,,0
1342,plaere,B,17,LM,zero,0
1343,plaere,A,17,LM,,4
1344,plaere,B,17,LM,,0
1345,plaere,A,17,LM,no pipe,0
1346,plaere,B,17,LM,,0
1347,plaere,A,17,LM,,0
1348,plaere,B,17,LM,,0
1349,plaere,A,17,LM,,0
1350,plaere,B,17,LM,missing,
1351,plaere,A,19,LM,,9
1352,plaere,B,19,LM,zero,0
1353,plaere,A,19,LM,,2
1354,plaere,B,19,LM,,2
1355,plaere,A,19,LM,missing,
1356,plaere,B,19,LM,missing,
1357,plaere,A,19,LM,no pipe,0
1358,plaere,B,19,LM,zero,0
1359,plaere,A,19,LM,missing,
1360,plaere,B,19,LM,,1
1361,plaere,A,19,LM,,1
1362,plaere,B,19,LM,zero,0
1363,plaere,A,19,LM,missing,
1364,plaere,B,19,LM,,0
1365,plaere,A,19,LM,no pipe,3
1366,plaere,B,19,LM,,0
1367,plaere,A,19,LM,,0
1368,plaere,B,19,LM,,0
1369,plaere,A,19,LM,,23
1370,plaere,B,19,LM,,2
1371,plaere,A,19,LM,,4
1372,plaere,B,19,LM,zero,0
1373,plaere,A,19,LM,,0
1374,plaere,B,19,LM,,1
1375,plaere,A,19,LM,,0
1376,plaere,B,19,LM,,0
1377,plaere,A,19,LM,herbivory,
1378,plaere,B,19,LM,,0
1379,plaere,A,19,LM,,0
1380,plaere,B,19,LM,zero,0
1381,plaere,A,19,LM,,4
1382,plaere,B,19,LM,,2
1383,plaere,A,19,LM,missing,
1384,plaere,B,19,LM,zero,0
1385,plaere,A,19,LM,zero,0
1386,plaere,B,19,LM,,0
1387,plaere,A,19,LM,,0
1388,plaere,B,19,LM,,2
1389,plaere,A,19,LM,,4
1390,plaere,B,19,LM,zero,0
1391,plaere,A,19,LM,,3
1392,plaere,B,19,LM,,0
1393,plaere,A,19,LM,,0
1394,plaere,B,19,LM,,0
1395,plaere,A,19,LM,,9
1396,plaere,B,19,LM,missing,
1397,plaere,A,19,LM,missing,
1398,plaere,B,19,LM,herbivory,
1399,plaere,A,19,LM,,2
1400,plaere,B,19,LM,,0
1701,plaere,A,15,HUT,no pipe,0
1702,plaere,B,15,HUT,zero,0
1703,plaere,A,15,HUT,,17
1704,plaere,B,15,HUT,missing,
1705,plaere,A,15,HUT,missing,
1706,plaere,B,15,HUT,,0
1707,plaere,A,15,HUT,zero,0
1708,plaere,B,15,HUT,zero,0
1709,plaere,A,15,HUT,,9
1710,plaere,B,15,HUT,herbivory,
1711,plaere,A,15,HUT,,0
1712,plaere,B,15,HUT,zero,0
1713,plaere,A,15,HUT,missing,
1714,plaere,B,15,HUT,zero,0
1715,plaere,A,15,HUT,zero,0
1716,plaere,B,15,HUT,zero,0
1717,plaere,A,15,HUT,,2
1718,plaere,B,15,HUT,zero,0
1719,plaere,A,15,HUT,zero,0
1720,plaere,B,15,HUT,zero,0
1721,plaere,A,15,HUT,zero,0
1722,plaere,B,15,HUT,zero,0
1723,plaere,A,15,HUT,,22
1724,plaere,B,15,HUT,zero,0
1725,plaere,A,15,HUT,zero,0
1726,plaere,B,15,HUT,zero,0
1727,plaere,A,15,HUT,zero,0
1728,plaere,B,15,HUT,zero,0
1729,plaere,A,15,HUT,missing,
1730,plaere,B,15,HUT,,9
1731,plaere,A,15,HUT,,3
1732,plaere,B,15,HUT,zero,0
1733,plaere,A,15,HUT,,0
1734,plaere,B,15,HUT,,0
1735,plaere,A,15,HUT,zero,0
1736,plaere,B,15,HUT,zero,0
1737,plaere,A,15,HUT,,40
1738,plaere,B,15,HUT,,4
1739,plaere,A,15,HUT,,10
1740,plaere,B,15,HUT,,0
1741,plaere,A,15,HUT,no pipe,0
1742,plaere,B,15,HUT,,2
1743,plaere,A,15,HUT,zero,0
1744,plaere,B,15,HUT,zero,0
1745,plaere,A,15,HUT,missing,
1746,plaere,B,15,HUT,missing,
1747,plaere,A,15,HUT,no pipe,4
1748,plaere,B,15,HUT,zero,0
1749,plaere,A,15,HUT,missing,
1750,plaere,B,15,HUT,,2
1651,plaere,A,14,HUT,,0
1652,plaere,B,14,HUT,,2
1653,plaere,A,14,HUT,zero,0
1654,plaere,B,14,HUT,,2
1655,plaere,A,14,HUT,zero,0
1656,plaere,B,14,HUT,,2
1657,plaere,A,14,HUT,,0
1658,plaere,B,14,HUT,,0
1659,plaere,A,14,HUT,zero,0
1660,plaere,B,14,HUT,zero,0
1661,plaere,A,14,HUT,zero,0
1662,plaere,B,14,HUT,,0
1663,plaere,A,14,HUT,no pipe,0
1664,plaere,B,14,HUT,zero,0
1665,plaere,A,14,HUT,no pipe,0
1666,plaere,B,14,HUT,,2
1667,plaere,A,14,HUT,no pipe,0
1668,plaere,B,14,HUT,zero,0
1669,plaere,A,14,HUT,missing,
1670,plaere,B,14,HUT,zero,0
1671,plaere,A,14,HUT,herbivory,
1672,plaere,B,14,HUT,,1
1673,plaere,A,14,HUT,,0
1674,plaere,B,14,HUT,no pipe,0
1675,plaere,A,14,HUT,no pipe,0
1676,plaere,B,14,HUT,,0
1677,plaere,A,14,HUT,,2
1678,plaere,B,14,HUT,,2
1679,plaere,A,14,HUT,,0
1680,plaere,B,14,HUT,,0
1681,plaere,A,14,HUT,missing,
1682,plaere,B,14,HUT,,2
1683,plaere,A,14,HUT,zero,0
1684,plaere,B,14,HUT,,1
1685,plaere,A,14,HUT,no pipe,0
1686,plaere,B,14,HUT,zero,0
1687,plaere,A,14,HUT,no pipe,0
1688,plaere,B,14,HUT,zero,0
1689,plaere,A,14,HUT,no pipe,0
1690,plaere,B,14,HUT,,0
1691,plaere,A,14,HUT,no pipe,0
1692,plaere,B,14,HUT,zero,0
1693,plaere,A,14,HUT,no pipe,0
1694,plaere,B,14,HUT,zero,0
1695,plaere,A,14,HUT,no pipe,4
1696,plaere,B,14,HUT,zero,0
1697,plaere,A,14,HUT,no pipe,0
1698,plaere,B,14,HUT,zero,0
1699,plaere,A,14,HUT,,4
1700,plaere,B,14,HUT,zero,0
1601,plaere,A,11,HUT,no pipe,16
1602,plaere,B,11,HUT,zero,0
1603,plaere,A,11,HUT,missing,
1604,plaere,B,11,HUT,missing,
1605,plaere,A,11,HUT,no pipe,0
1606,plaere,B,11,HUT,zero,0
1607,plaere,A,11,HUT,,1
1608,plaere,B,11,HUT,,4
1609,plaere,A,11,HUT,herbivory,
1610,plaere,B,11,HUT,zero,0
1611,plaere,A,11,HUT,zero,0
1612,plaere,B,11,HUT,no pipe,0
1613,plaere,A,11,HUT,missing,
1614,plaere,B,11,HUT,zero,0
1615,plaere,A,11,HUT,no pipe,0
1616,plaere,B,11,HUT,zero,0
1617,plaere,A,11,HUT,zero,0
1618,plaere,B,11,HUT,,0
1619,plaere,A,11,HUT,no pipe,0
1620,plaere,B,11,HUT,zero,0
1621,plaere,A,11,HUT,missing,
1622,plaere,B,11,HUT,zero,0
1623,plaere,A,11,HUT,zero,0
1624,plaere,B,11,HUT,,2
1625,plaere,A,11,HUT,zero,0
1626,plaere,B,11,HUT,zero,0
1627,plaere,A,11,HUT,no pipe,28
1628,plaere,B,11,HUT,zero,0
1629,plaere,A,11,HUT,zero,0
1630,plaere,B,11,HUT,zero,0
1631,plaere,A,11,HUT,zero,0
1632,plaere,B,11,HUT,,10
1633,plaere,A,11,HUT,no pipe,0
1634,plaere,B,11,HUT,zero,0
1635,plaere,A,11,HUT,missing,
1636,plaere,B,11,HUT,zero,0
1637,plaere,A,11,HUT,zero,0
1638,plaere,B,11,HUT,zero,0
1639,plaere,A,11,HUT,no pipe,0
1640,plaere,B,11,HUT,zero,0
1641,plaere,A,11,HUT,missing,
1642,plaere,B,11,HUT,zero,0
1643,plaere,A,11,HUT,no pipe,0
1644,plaere,B,11,HUT,,0
1645,plaere,A,11,HUT,zero,0
1646,plaere,B,11,HUT,zero,0
1647,plaere,A,11,HUT,missing,
1648,plaere,B,11,HUT,,0
1649,plaere,A,11,HUT,missing,
1650,plaere,B,11,HUT,missing,
1751,plaere,A,22,KNOX,,4
1752,plaere,B,22,KNOX,zero,0
1753,plaere,A,22,KNOX,no pipe,0
1754,plaere,B,22,KNOX,zero,0
1755,plaere,A,22,KNOX,missing,
1756,plaere,B,22,KNOX,no pipe,0
1757,plaere,A,22,KNOX,missing,
1758,plaere,B,22,KNOX,zero,0
1759,plaere,A,22,KNOX,no pipe,0
1760,plaere,B,22,KNOX,zero,0
1761,plaere,A,22,KNOX,missing,
1762,plaere,B,22,KNOX,zero,0
1763,plaere,A,22,KNOX,missing,
1764,plaere,B,22,KNOX,zero,0
1765,plaere,A,22,KNOX,no pipe,0
1766,plaere,B,22,KNOX,zero,0
1767,plaere,A,22,KNOX,missing,
1768,plaere,B,22,KNOX,zero,0
1769,plaere,A,22,KNOX,,14
1770,plaere,B,22,KNOX,zero,0
1771,plaere,A,22,KNOX,,2
1772,plaere,B,22,KNOX,missing,
1773,plaere,A,22,KNOX,missing,
1774,plaere,B,22,KNOX,zero,0
1775,plaere,A,22,KNOX,missing,
1776,plaere,B,22,KNOX,zero,0
1777,plaere,A,22,KNOX,,7
1778,plaere,B,22,KNOX,zero,0
1779,plaere,A,22,KNOX,missing,
1780,plaere,B,22,KNOX,missing,
1781,plaere,A,22,KNOX,zero,0
1782,plaere,B,22,KNOX,zero,0
1783,plaere,A,22,KNOX,missing,
1784,plaere,B,22,KNOX,missing,
1785,plaere,A,22,KNOX,,3
1786,plaere,B,22,KNOX,zero,0
1787,plaere,A,22,KNOX,,9
1788,plaere,B,22,KNOX,zero,0
1789,plaere,A,22,KNOX,,14
1790,plaere,B,22,KNOX,zero,0
1791,plaere,A,22,KNOX,,0
1792,plaere,B,22,KNOX,,4
1793,plaere,A,22,KNOX,missing,
1794,plaere,B,22,KNOX,zero,0
1795,plaere,A,22,KNOX,missing,
1796,plaere,B,22,KNOX,zero,0
1797,plaere,A,22,KNOX,zero,0
1798,plaere,B,22,KNOX,zero,0
1799,plaere,A,22,KNOX,no pipe,0
1800,plaere,B,22,KNOX,zero,0
1801,plaere,A,21,KNOX,,8
1802,plaere,B,21,KNOX,,0
1803,plaere,A,21,KNOX,,4
1804,plaere,B,21,KNOX,zero,0
1805,plaere,A,21,KNOX,no pipe,0
1806,plaere,B,21,KNOX,,4
1807,plaere,A,21,KNOX,no pipe,0
1808,plaere,B,21,KNOX,,0
1809,plaere,A,21,KNOX,,3
1810,plaere,B,21,KNOX,,0
1811,plaere,A,21,KNOX,,0
1812,plaere,B,21,KNOX,,0
1813,plaere,A,21,KNOX,,0
1814,plaere,B,21,KNOX,zero,0
1815,plaere,A,21,KNOX,,3
1816,plaere,B,21,KNOX,zero,0
1817,plaere,A,21,KNOX,zero,0
1818,plaere,B,21,KNOX,zero,0
1819,plaere,A,21,KNOX,zero,0
1820,plaere,B,21,KNOX,,0
1821,plaere,A,21,KNOX,,5
1822,plaere,B,21,KNOX,,1
1823,plaere,A,21,KNOX,,0
1824,plaere,B,21,KNOX,zero,0
1825,plaere,A,21,KNOX,,2
1826,plaere,B,21,KNOX,,0
1827,plaere,A,21,KNOX,,4
1828,plaere,B,21,KNOX,,0
1829,plaere,A,21,KNOX,,0
1830,plaere,B,21,KNOX,,6
1831,plaere,A,21,KNOX,,5
1832,plaere,B,21,KNOX,,0
1833,plaere,A,21,KNOX,,9
1834,plaere,B,21,KNOX,zero,0
1835,plaere,A,21,KNOX,,0
1836,plaere,B,21,KNOX,,0
1837,plaere,A,21,KNOX,,6
1838,plaere,B,21,KNOX,,2
1839,plaere,A,21,KNOX,zero,0
1840,plaere,B,21,KNOX,,0
1841,plaere,A,21,KNOX,,2
1842,plaere,B,21,KNOX,,2
1843,plaere,A,21,KNOX,,0
1844,plaere,B,21,KNOX,zero,0
1845,plaere,A,21,KNOX,,3
1846,plaere,B,21,KNOX,,0
1847,plaere,A,21,KNOX,missing,
1848,plaere,B,21,KNOX,zero,0
1849,plaere,A,21,KNOX,,3
1850,plaere,B,21,KNOX,zero,0
1851,plaere,A,25,KNOX,,0
1852,plaere,B,25,KNOX,,0
1853,plaere,A,25,KNOX,zero,0
1854,plaere,B,25,KNOX,zero,0
1855,plaere,A,25,KNOX,missing,
1856,plaere,B,25,KNOX,zero,0
1857,plaere,A,25,KNOX,missing,
1858,plaere,B,25,KNOX,,0
1859,plaere,A,25,KNOX,zero,0
1860,plaere,B,25,KNOX,zero,0
1861,plaere,A,25,KNOX,zero,0
1862,plaere,B,25,KNOX,,2
1863,plaere,A,25,KNOX,zero,0
1864,plaere,B,25,KNOX,zero,0
1865,plaere,A,25,KNOX,missing,
1866,plaere,B,25,KNOX,zero,0
1867,plaere,A,25,KNOX,missing,
1868,plaere,B,25,KNOX,zero,0
1869,plaere,A,25,KNOX,,7
1870,plaere,B,25,KNOX,,0
1871,plaere,A,25,KNOX,,3
1872,plaere,B,25,KNOX,,2
1873,plaere,A,25,KNOX,missing,
1874,plaere,B,25,KNOX,,0
1875,plaere,A,25,KNOX,missing,
1876,plaere,B,25,KNOX,,0
1877,plaere,A,25,KNOX,,2
1878,plaere,B,25,KNOX,,0
1879,plaere,A,25,KNOX,missing,
1880,plaere,B,25,KNOX,zero,0
1881,plaere,A,25,KNOX,missing,
1882,plaere,B,25,KNOX,zero,0
1883,plaere,A,25,KNOX,missing,
1884,plaere,B,25,KNOX,zero,0
1885,plaere,A,25,KNOX,missing,
1886,plaere,B,25,KNOX,,2
1887,plaere,A,25,KNOX,zero,0
1888,plaere,B,25,KNOX,,0
1889,plaere,A,25,KNOX,missing,
1890,plaere,B,25,KNOX,missing,
1891,plaere,A,25,KNOX,missing,
1892,plaere,B,25,KNOX,zero,0
1893,plaere,A,25,KNOX,zero,0
1894,plaere,B,25,KNOX,zero,0
1895,plaere,A,25,KNOX,missing,
1896,plaere,B,25,KNOX,missing,
1897,plaere,A,25,KNOX,missing,
1898,plaere,B,25,KNOX,missing,
1899,plaere,A,25,KNOX,missing,
1900,plaere,B,25,KNOX,zero,0
1001,plaere,A,26,RES,,16
1002,plaere,B,26,RES,,2
1003,plaere,A,26,RES,,8
1004,plaere,B,26,RES,,0
1005,plaere,A,26,RES,,6
1006,plaere,B,26,RES,zero,0
1007,plaere,A,26,RES,,5
1008,plaere,B,26,RES,zero,0
1009,plaere,A,26,RES,zero,0
1010,plaere,B,26,RES,,2
1011,plaere,A,26,RES,,37
1012,plaere,B,26,RES,,2
1013,plaere,A,26,RES,,6
1014,plaere,B,26,RES,,5
1015,plaere,A,26,RES,,8
1016,plaere,B,26,RES,,0
1017,plaere,A,26,RES,,8
1018,plaere,B,26,RES,missing,
1019,plaere,A,26,RES,,0
1020,plaere,B,26,RES,,2
1021,plaere,A,26,RES,,4
1022,plaere,B,26,RES,,2
1023,plaere,A,26,RES,,2
1024,plaere,B,26,RES,,2
1025,plaere,A,26,RES,,28
1026,plaere,B,26,RES,zero,0
1027,plaere,A,26,RES,,17
1028,plaere,B,26,RES,zero,0
1029,plaere,A,26,RES,,26
1030,plaere,B,26,RES,zero,0
1031,plaere,A,26,RES,,4
1032,plaere,B,26,RES,,3
1033,plaere,A,26,RES,zero,0
1034,plaere,B,26,RES,zero,0
1035,plaere,A,26,RES,zero,0
1036,plaere,B,26,RES,,0
1037,plaere,A,26,RES,zero,0
1038,plaere,B,26,RES,,0
1039,plaere,A,26,RES,zero,0
1040,plaere,B,26,RES,,4
1041,plaere,A,26,RES,,0
1042,plaere,B,26,RES,,2
1043,plaere,A,26,RES,,2
1044,plaere,B,26,RES,,7
1045,plaere,A,26,RES,,16
1046,plaere,B,26,RES,,4
1047,plaere,A,26,RES,,4
1048,plaere,B,26,RES,,2
1049,plaere,A,26,RES,,9
1050,plaere,B,26,RES,zero,0
1401,plaere,A,27,RES,,0
1402,plaere,B,27,RES,,2
1403,plaere,A,27,RES,missing,
1404,plaere,B,27,RES,,0
1405,plaere,A,27,RES,,2
1406,plaere,B,27,RES,,2
1407,plaere,A,27,RES,no pipe,0
1408,plaere,B,27,RES,,2
1409,plaere,A,27,RES,no fruit,0
1410,plaere,B,27,RES,no pipe,0
1411,plaere,A,27,RES,no pipe,0
1412,plaere,B,27,RES,,0
1413,plaere,A,27,RES,,0
1414,plaere,B,27,RES,,0
1415,plaere,A,27,RES,no pipe,0
1416,plaere,B,27,RES,,2
1417,plaere,A,27,RES,no pipe,0
1418,plaere,B,27,RES,zero,0
1419,plaere,A,27,RES,,0
1420,plaere,B,27,RES,zero,0
1421,plaere,A,27,RES,,0
1422,plaere,B,27,RES,,2
1423,plaere,A,27,RES,no pipe,0
1424,plaere,B,27,RES,,2
1425,plaere,A,27,RES,no pipe,0
1426,plaere,B,27,RES,,2
1427,plaere,A,27,RES,,0
1428,plaere,B,27,RES,,2
1429,plaere,A,27,RES,missing,
1430,plaere,B,27,RES,,0
1431,plaere,A,27,RES,no pipe,0
1432,plaere,B,27,RES,,0
1433,plaere,A,27,RES,,2
1434,plaere,B,27,RES,,0
1435,plaere,A,27,RES,no pipe,0
1436,plaere,B,27,RES,,2
1437,plaere,A,27,RES,,1
1438,plaere,B,27,RES,,2
1439,plaere,A,27,RES,no pipe,0
1440,plaere,B,27,RES,no pipe,0
1441,plaere,A,27,RES,missing,
1442,plaere,B,27,RES,,0
1443,plaere,A,27,RES,,4
1444,plaere,B,27,RES,,0
1445,plaere,A,27,RES,,2
1446,plaere,B,27,RES,,2
1447,plaere,A,27,RES,,2
1448,plaere,B,27,RES,,0
1449,plaere,A,27,RES,,2
1450,plaere,B,27,RES,,0
1451,plaere,A,28,RES,,2
1452,plaere,B,28,RES,,0
1453,plaere,A,28,RES,zero,0
1454,plaere,B,28,RES,,2
1455,plaere,A,28,RES,no pipe,0
1456,plaere,B,28,RES,,2
1457,plaere,A,28,RES,,0
1458,plaere,B,28,RES,,4
1459,plaere,A,28,RES,no pipe,4
1460,plaere,B,28,RES,,0
1461,plaere,A,28,RES,zero,0
1462,plaere,B,28,RES,,0
1463,plaere,A,28,RES,,0
1464,plaere,B,28,RES,,1
1465,plaere,A,28,RES,,0
1466,plaere,B,28,RES,zero,0
1467,plaere,A,28,RES,,6
1468,plaere,B,28,RES,,0
1469,plaere,A,28,RES,,2
1470,plaere,B,28,RES,,4
1471,plaere,A,28,RES,,0
1472,plaere,B,28,RES,,0
1473,plaere,A,28,RES,,2
1474,plaere,B,28,RES,,0
1475,plaere,A,28,RES,no pipe,0
1476,plaere,B,28,RES,,2
1477,plaere,A,28,RES,,2
1478,plaere,B,28,RES,,4
1479,plaere,A,28,RES,no pipe,0
1480,plaere,B,28,RES,,2
1481,plaere,A,28,RES,,2
1482,plaere,B,28,RES,,2
1483,plaere,A,28,RES,,2
1484,plaere,B,28,RES,zero,0
1485,plaere,A,28,RES,no pipe,0
1486,plaere,B,28,RES,,0
1487,plaere,A,28,RES,,0
1488,plaere,B,28,RES,,2
1489,plaere,A,28,RES,,0
1490,plaere,B,28,RES,,4
1491,plaere,A,28,RES,no pipe,0
1492,plaere,B,28,RES,,2
1493,plaere,A,28,RES,zero,0
1494,plaere,B,28,RES,,0
1495,plaere,A,28,RES,zero,0
1496,plaere,B,28,RES,,0
1497,plaere,A,28,RES,,0
1498,plaere,B,28,RES,,2
1499,plaere,A,28,RES,,10
1500,plaere,B,28,RES,,0
501,vulmic,A,1,TAIL,herbivory,
502,vulmic,B,1,TAIL,,1
503,vulmic,A,1,TAIL,no pipe,10
504,vulmic,B,1,TAIL,,0
505,vulmic,A,1,TAIL,missing,
506,vulmic,B,1,TAIL,zero,0
507,vulmic,A,1,TAIL,no pipe,12
508,vulmic,B,1,TAIL,zero,0
509,vulmic,A,1,TAIL,,35
510,vulmic,B,1,TAIL,zero,0
511,vulmic,A,1,TAIL,zero,0
512,vulmic,B,1,TAIL,,1
513,vulmic,A,1,TAIL,,10
514,vulmic,B,1,TAIL,zero,0
515,vulmic,A,1,TAIL,missing,
516,vulmic,B,1,TAIL,zero,0
517,vulmic,A,1,TAIL,missing,
518,vulmic,B,1,TAIL,zero,0
519,vulmic,A,1,TAIL,missing,
520,vulmic,B,1,TAIL,missing,
521,vulmic,A,1,TAIL,,12
522,vulmic,B,1,TAIL,,4
523,vulmic,A,1,TAIL,zero,0
524,vulmic,B,1,TAIL,missing,
525,vulmic,A,1,TAIL,missing,
526,vulmic,B,1,TAIL,missing,
527,vulmic,A,1,TAIL,missing,
528,vulmic,B,1,TAIL,,36
529,vulmic,A,1,TAIL,missing,
530,vulmic,B,1,TAIL,zero,0
531,vulmic,A,1,TAIL,zero,0
532,vulmic,B,1,TAIL,zero,0
533,vulmic,A,1,TAIL,,17
534,vulmic,B,1,TAIL,zero,0
535,vulmic,A,1,TAIL,,15
536,vulmic,B,1,TAIL,zero,0
537,vulmic,A,1,TAIL,zero,0
538,vulmic,B,1,TAIL,,14
539,vulmic,A,1,TAIL,no pipe,0
540,vulmic,B,1,TAIL,,6
541,vulmic,A,1,TAIL,zero,0
542,vulmic,B,1,TAIL,zero,0
543,vulmic,A,1,TAIL,missing,
544,vulmic,B,1,TAIL,zero,0
545,vulmic,A,1,TAIL,zero,0
546,vulmic,B,1,TAIL,,20
547,vulmic,A,1,TAIL,zero,0
548,vulmic,B,1,TAIL,zero,0
549,vulmic,A,1,TAIL,zero,0
550,vulmic,B,1,TAIL,missing,
601,vulmic,A,2,TAIL,missing,
602,vulmic,B,2,TAIL,,4
603,vulmic,A,2,TAIL,,1
604,vulmic,B,2,TAIL,missing,
605,vulmic,A,2,TAIL,missing,
606,vulmic,B,2,TAIL,,8
607,vulmic,A,2,TAIL,zero,0
608,vulmic,B,2,TAIL,,7
609,vulmic,A,2,TAIL,,46
610,vulmic,B,2,TAIL,,2
611,vulmic,A,2,TAIL,,16
612,vulmic,B,2,TAIL,zero,0
613,vulmic,A,2,TAIL,,16
614,vulmic,B,2,TAIL,zero,0
615,vulmic,A,2,TAIL,zero,0
616,vulmic,B,2,TAIL,zero,0
617,vulmic,A,2,TAIL,,48
618,vulmic,B,2,TAIL,zero,0
619,vulmic,A,2,TAIL,missing,
620,vulmic,B,2,TAIL,missing,
621,vulmic,A,2,TAIL,missing,
622,vulmic,B,2,TAIL,zero,0
623,vulmic,A,2,TAIL,missing,
624,vulmic,B,2,TAIL,zero,0
625,vulmic,A,2,TAIL,no pipe,9
626,vulmic,B,2,TAIL,zero,0
627,vulmic,A,2,TAIL,,10
628,vulmic,B,2,TAIL,,0
629,vulmic,A,2,TAIL,zero,0
630,vulmic,B,2,TAIL,zero,0
631,vulmic,A,2,TAIL,,8
632,vulmic,B,2,TAIL,missing,
633,vulmic,A,2,TAIL,herbivory,
634,vulmic,B,2,TAIL,missing,
635,vulmic,A,2,TAIL,,8
636,vulmic,B,2,TAIL,zero,0
637,vulmic,A,2,TAIL,,7
638,vulmic,B,2,TAIL,zero,0
639,vulmic,A,2,TAIL,missing,
640,vulmic,B,2,TAIL,missing,
641,vulmic,A,2,TAIL,herbivory,
642,vulmic,B,2,TAIL,zero,0
643,vulmic,A,2,TAIL,missing,
644,vulmic,B,2,TAIL,missing,
645,vulmic,A,2,TAIL,missing,
646,vulmic,B,2,TAIL,zero,0
647,vulmic,A,2,TAIL,,7
648,vulmic,B,2,TAIL,no pipe,17
649,vulmic,A,2,TAIL,missing,
650,vulmic,B,2,TAIL,no pipe,5
551,vulmic,A,5,TAIL,zero,0
552,vulmic,B,5,TAIL,missing,
553,vulmic,A,5,TAIL,zero,0
554,vulmic,B,5,TAIL,zero,0
555,vulmic,A,5,TAIL,zero,0
556,vulmic,B,5,TAIL,zero,0
557,vulmic,A,5,TAIL,missing,
558,vulmic,B,5,TAIL,zero,0
559,vulmic,A,5,TAIL,zero,0
560,vulmic,B,5,TAIL,zero,0
561,vulmic,A,5,TAIL,zero,0
562,vulmic,B,5,TAIL,zero,0
563,vulmic,A,5,TAIL,zero,0
564,vulmic,B,5,TAIL,zero,0
565,vulmic,A,5,TAIL,zero,0
566,vulmic,B,5,TAIL,zero,0
567,vulmic,A,5,TAIL,zero,0
568,vulmic,B,5,TAIL,,12
569,vulmic,A,5,TAIL,zero,0
570,vulmic,B,5,TAIL,,7
571,vulmic,A,5,TAIL,zero,0
572,vulmic,B,5,TAIL,zero,0
573,vulmic,A,5,TAIL,zero,0
574,vulmic,B,5,TAIL,zero,0
575,vulmic,A,5,TAIL,zero,0
576,vulmic,B,5,TAIL,zero,0
577,vulmic,A,5,TAIL,missing,
578,vulmic,B,5,TAIL,zero,0
579,vulmic,A,5,TAIL,zero,0
580,vulmic,B,5,TAIL,zero,0
581,vulmic,A,5,TAIL,,11
582,vulmic,B,5,TAIL,zero,0
583,vulmic,A,5,TAIL,zero,0
584,vulmic,B,5,TAIL,zero,0
585,vulmic,A,5,TAIL,no pipe,0
586,vulmic,B,5,TAIL,zero,0
587,vulmic,A,5,TAIL,zero,0
588,vulmic,B,5,TAIL,,16
589,vulmic,A,5,TAIL,no pipe,0
590,vulmic,B,5,TAIL,,2
591,vulmic,A,5,TAIL,,50
592,vulmic,B,5,TAIL,missing,
593,vulmic,A,5,TAIL,no pipe,0
594,vulmic,B,5,TAIL,zero,0
595,vulmic,A,5,TAIL,no pipe,0
596,vulmic,B,5,TAIL,zero,0
597,vulmic,A,5,TAIL,,14
598,vulmic,B,5,TAIL,missing,
599,vulmic,A,5,TAIL,zero,0
600,vulmic,B,5,TAIL,missing,
551,vulmic,A,6,WHIT,,15
552,vulmic,B,6,WHIT,zero,0
553,vulmic,A,6,WHIT,,12
554,vulmic,B,6,WHIT,zero,0
555,vulmic,A,6,WHIT,,6
556,vulmic,B,6,WHIT,,2
557,vulmic,A,6,WHIT,zero,0
558,vulmic,B,6,WHIT,,2
559,vulmic,A,6,WHIT,,6
560,vulmic,B,6,WHIT,,4
561,vulmic,A,6,WHIT,,2
562,vulmic,B,6,WHIT,,4
563,vulmic,A,6,WHIT,zero,0
564,vulmic,B,6,WHIT,,1
565,vulmic,A,6,WHIT,zero,0
566,vulmic,B,6,WHIT,zero,0
567,vulmic,A,6,WHIT,,6
568,vulmic,B,6,WHIT,zero,0
569,vulmic,A,6,WHIT,zero,0
570,vulmic,B,6,WHIT,,1
571,vulmic,A,6,WHIT,,5
572,vulmic,B,6,WHIT,,0
573,vulmic,A,6,WHIT,zero,0
574,vulmic,B,6,WHIT,,1
575,vulmic,A,6,WHIT,zero,0
576,vulmic,B,6,WHIT,zero,0
577,vulmic,A,6,WHIT,zero,0
578,vulmic,B,6,WHIT,,5
579,vulmic,A,6,WHIT,zero,0
580,vulmic,B,6,WHIT,,7
581,vulmic,A,6,WHIT,,5
582,vulmic,B,6,WHIT,,6
583,vulmic,A,6,WHIT,,8
584,vulmic,B,6,WHIT,zero,0
585,vulmic,A,6,WHIT,,14
586,vulmic,B,6,WHIT,zero,0
587,vulmic,A,6,WHIT,missing,
588,vulmic,B,6,WHIT,,2
589,vulmic,A,6,WHIT,,13
590,vulmic,B,6,WHIT,missing,
591,vulmic,A,6,WHIT,,5
592,vulmic,B,6,WHIT,zero,0
593,vulmic,A,6,WHIT,,6
594,vulmic,B,6,WHIT,,4
595,vulmic,A,6,WHIT,zero,0
596,vulmic,B,6,WHIT,missing,
597,vulmic,A,6,WHIT,zero,0
598,vulmic,B,6,WHIT,,2
599,vulmic,A,6,WHIT,zero,0
600,vulmic,B,6,WHIT,,5
651,vulmic,A,9,WHIT,zero,0
652,vulmic,B,9,WHIT,,10
653,vulmic,A,9,WHIT,zero,0
654,vulmic,B,9,WHIT,zero,0
655,vulmic,A,9,WHIT,,14
656,vulmic,B,9,WHIT,,0
657,vulmic,A,9,WHIT,,6
658,vulmic,B,9,WHIT,zero,0
659,vulmic,A,9,WHIT,herbivory,
660,vulmic,B,9,WHIT,zero,0
661,vulmic,A,9,WHIT,herbivory,
662,vulmic,B,9,WHIT,zero,0
663,vulmic,A,9,WHIT,herbivory,
664,vulmic,B,9,WHIT,,4
665,vulmic,A,9,WHIT,zero,0
666,vulmic,B,9,WHIT,zero,0
667,vulmic,A,9,WHIT,zero,0
668,vulmic,B,9,WHIT,zero,0
669,vulmic,A,9,WHIT,,27
670,vulmic,B,9,WHIT,,8
671,vulmic,A,9,WHIT,,4
672,vulmic,B,9,WHIT,zero,0
673,vulmic,A,9,WHIT,,26
674,vulmic,B,9,WHIT,zero,0
675,vulmic,A,9,WHIT,zero,0
676,vulmic,B,9,WHIT,zero,0
677,vulmic,A,9,WHIT,,9
678,vulmic,B,9,WHIT,,11
679,vulmic,A,9,WHIT,herbivory,
680,vulmic,B,9,WHIT,,11
681,vulmic,A,9,WHIT,,3
682,vulmic,B,9,WHIT,,4
683,vulmic,A,9,WHIT,zero,0
684,vulmic,B,9,WHIT,zero,0
685,vulmic,A,9,WHIT,,20
686,vulmic,B,9,WHIT,zero,0
687,vulmic,A,9,WHIT,zero,0
688,vulmic,B,9,WHIT,zero,0
689,vulmic,A,9,WHIT,zero,-
690,vulmic,B,9,WHIT,,9
691,vulmic,A,9,WHIT,,9
692,vulmic,B,9,WHIT,,2
693,vulmic,A,9,WHIT,zero,0
694,vulmic,B,9,WHIT,zero,0
695,vulmic,A,9,WHIT,zero,0
696,vulmic,B,9,WHIT,zero,0
697,vulmic,A,9,WHIT,,20
698,vulmic,B,9,WHIT,zero,0
699,vulmic,A,9,WHIT,,32
700,vulmic,B,9,WHIT,zero,0
701,vulmic,A,8,WHIT,zero,0
702,vulmic,B,8,WHIT,zero,0
703,vulmic,A,8,WHIT,,5
704,vulmic,B,8,WHIT,zero,0
705,vulmic,A,8,WHIT,,21
706,vulmic,B,8,WHIT,,9
707,vulmic,A,8,WHIT,zero,0
708,vulmic,B,8,WHIT,zero,0
709,vulmic,A,8,WHIT,,10
710,vulmic,B,8,WHIT,zero,0
711,vulmic,A,8,WHIT,,10
712,vulmic,B,8,WHIT,,4
713,vulmic,A,8,WHIT,zero,0
714,vulmic,B,8,WHIT,zero,0
715,vulmic,A,8,WHIT,,15
716,vulmic,B,8,WHIT,,4
717,vulmic,A,8,WHIT,zero,0
718,vulmic,B,8,WHIT,zero,0
719,vulmic,A,8,WHIT,zero,0
720,vulmic,B,8,WHIT,herbivory,
721,vulmic,A,8,WHIT,zero,0
722,vulmic,B,8,WHIT,zero,0
723,vulmic,A,8,WHIT,,30
724,vulmic,B,8,WHIT,zero,0
725,vulmic,A,8,WHIT,,9
726,vulmic,B,8,WHIT,zero,0
727,vulmic,A,8,WHIT,missing,
728,vulmic,B,8,WHIT,missing,
729,vulmic,A,8,WHIT,,6
730,vulmic,B,8,WHIT,zero,0
731,vulmic,A,8,WHIT,zero,0
732,vulmic,B,8,WHIT,missing,
733,vulmic,A,8,WHIT,,14
734,vulmic,B,8,WHIT,,2
735,vulmic,A,8,WHIT,,57
736,vulmic,B,8,WHIT,,1
737,vulmic,A,8,WHIT,zero,0
738,vulmic,B,8,WHIT,,4
739,vulmic,A,8,WHIT,zero,0
740,vulmic,B,8,WHIT,zero,0
741,vulmic,A,8,WHIT,herbivory,
742,vulmic,B,8,WHIT,zero,0
743,vulmic,A,8,WHIT,no pipe,0
744,vulmic,B,8,WHIT,zero,0
745,vulmic,A,8,WHIT,,37
746,vulmic,B,8,WHIT,zero,0
747,vulmic,A,8,WHIT,,22
748,vulmic,B,8,WHIT,,19
749,vulmic,A,8,WHIT,zero,0
750,vulmic,B,8,WHIT,zero,0
751,vulmic,A,16,LM,,3
752,vulmic,B,16,LM,missing,
753,vulmic,A,16,LM,zero,0
754,vulmic,B,16,LM,zero,0
755,vulmic,A,16,LM,zero,0
756,vulmic,B,16,LM,zero,0
757,vulmic,A,16,LM,,25
758,vulmic,B,16,LM,,1
759,vulmic,A,16,LM,zero,0
760,vulmic,B,16,LM,,6
761,vulmic,A,16,LM,,14
762,vulmic,B,16,LM,,26
763,vulmic,A,16,LM,zero,0
764,vulmic,B,16,LM,,12
765,vulmic,A,16,LM,zero,0
766,vulmic,B,16,LM,,4
767,vulmic,A,16,LM,zero,0
768,vulmic,B,16,LM,,2
769,vulmic,A,16,LM,,0
770,vulmic,B,16,LM,,3
771,vulmic,A,16,LM,,13
772,vulmic,B,16,LM,zero,0
773,vulmic,A,16,LM,,28
774,vulmic,B,16,LM,zero,0
775,vulmic,A,16,LM,zero,0
776,vulmic,B,16,LM,,4
777,vulmic,A,16,LM,,25
778,vulmic,B,16,LM,,3
779,vulmic,A,16,LM,,10
780,vulmic,B,16,LM,missing,
781,vulmic,A,16,LM,missing,
782,vulmic,B,16,LM,zero,0
783,vulmic,A,16,LM,,26
784,vulmic,B,16,LM,,0
785,vulmic,A,16,LM,,53
786,vulmic,B,16,LM,zero,0
787,vulmic,A,16,LM,zero,0
788,vulmic,B,16,LM,zero,0
789,vulmic,A,16,LM,zero,0
790,vulmic,B,16,LM,zero,0
791,vulmic,A,16,LM,no pipe,0
792,vulmic,B,16,LM,zero,0
793,vulmic,A,16,LM,zero,0
794,vulmic,B,16,LM,,0
795,vulmic,A,16,LM,zero,0
796,vulmic,B,16,LM,zero,0
797,vulmic,A,16,LM,zero,0
798,vulmic,B,16,LM,zero,0
799,vulmic,A,16,LM,,11
800,vulmic,B,16,LM,zero,0
801,vulmic,A,17,LM,zero,0
802,vulmic,B,17,LM,,2
803,vulmic,A,17,LM,,0
804,vulmic,B,17,LM,,0
805,vulmic,A,17,LM,zero,0
806,vulmic,B,17,LM,,4
807,vulmic,A,17,LM,,5
808,vulmic,B,17,LM,zero,0
809,vulmic,A,17,LM,,7
810,vulmic,B,17,LM,zero,0
811,vulmic,A,17,LM,,3
812,vulmic,B,17,LM,,1
813,vulmic,A,17,LM,,2
814,vulmic,B,17,LM,,1
815,vulmic,A,17,LM,zero,0
816,vulmic,B,17,LM,,1
817,vulmic,A,17,LM,,3
818,vulmic,B,17,LM,zero,0
819,vulmic,A,17,LM,,6
820,vulmic,B,17,LM,,3
821,vulmic,A,17,LM,zero,0
822,vulmic,B,17,LM,herbivory,
823,vulmic,A,17,LM,,2
824,vulmic,B,17,LM,zero,0
825,vulmic,A,17,LM,,8
826,vulmic,B,17,LM,zero,0
827,vulmic,A,17,LM,missing,
828,vulmic,B,17,LM,zero,0
829,vulmic,A,17,LM,,2
830,vulmic,B,17,LM,zero,0
831,vulmic,A,17,LM,missing,
832,vulmic,B,17,LM,,0
833,vulmic,A,17,LM,zero,0
834,vulmic,B,17,LM,,1
835,vulmic,A,17,LM,,5
836,vulmic,B,17,LM,zero,0
837,vulmic,A,17,LM,,8
838,vulmic,B,17,LM,zero,0
839,vulmic,A,17,LM,no pipe,0
840,vulmic,B,17,LM,,
841,vulmic,A,17,LM,,10
842,vulmic,B,17,LM,,2
843,vulmic,A,17,LM,,6
844,vulmic,B,17,LM,zero,0
845,vulmic,A,17,LM,zero,0
846,vulmic,B,17,LM,zero,0
847,vulmic,A,17,LM,zero,0
848,vulmic,B,17,LM,,0
849,vulmic,A,17,LM,,3
850,vulmic,B,17,LM,missing,
851,vulmic,A,19,LM,zero,0
852,vulmic,B,19,LM,,3
853,vulmic,A,19,LM,,6
854,vulmic,B,19,LM,,4
855,vulmic,A,19,LM,,4
856,vulmic,B,19,LM,missing,
857,vulmic,A,19,LM,no pipe,0
858,vulmic,B,19,LM,herbivory,
859,vulmic,A,19,LM,missing,
860,vulmic,B,19,LM,missing,
861,vulmic,A,19,LM,missing,
862,vulmic,B,19,LM,,3
863,vulmic,A,19,LM,missing,
864,vulmic,B,19,LM,,0
865,vulmic,A,19,LM,herbivory,
866,vulmic,B,19,LM,,2
867,vulmic,A,19,LM,,17
868,vulmic,B,19,LM,zero,0
869,vulmic,A,19,LM,missing,
870,vulmic,B,19,LM,zero,0
871,vulmic,A,19,LM,,0
872,vulmic,B,19,LM,,1
873,vulmic,A,19,LM,,3
874,vulmic,B,19,LM,,6
875,vulmic,A,19,LM,,37
876,vulmic,B,19,LM,zero,0
877,vulmic,A,19,LM,missing,
878,vulmic,B,19,LM,herbivory,
879,vulmic,A,19,LM,,5
880,vulmic,B,19,LM,zero,0
881,vulmic,A,19,LM,herbivory,
882,vulmic,B,19,LM,,4
883,vulmic,A,19,LM,missing,
884,vulmic,B,19,LM,zero,0
885,vulmic,A,19,LM,,3
886,vulmic,B,19,LM,herbivory,
887,vulmic,A,19,LM,zero,0
888,vulmic,B,19,LM,zero,0
889,vulmic,A,19,LM,,20
890,vulmic,B,19,LM,zero,0
891,vulmic,A,19,LM,,10
892,vulmic,B,19,LM,,4
893,vulmic,A,19,LM,,17
894,vulmic,B,19,LM,zero,0
895,vulmic,A,19,LM,zero,0
896,vulmic,B,19,LM,zero,0
897,vulmic,A,19,LM,missing,
898,vulmic,B,19,LM,herbivory,
899,vulmic,A,19,LM,herbivory,
900,vulmic,B,19,LM,,6
701,vulmic,A,15,HUT,zero,0
702,vulmic,B,15,HUT,zero,0
703,vulmic,A,15,HUT,zero,0
704,vulmic,B,15,HUT,zero,0
705,vulmic,A,15,HUT,,44
706,vulmic,B,15,HUT,zero,0
707,vulmic,A,15,HUT,zero,0
708,vulmic,B,15,HUT,,7
709,vulmic,A,15,HUT,,29
710,vulmic,B,15,HUT,,3
711,vulmic,A,15,HUT,zero,0
712,vulmic,B,15,HUT,zero,0
713,vulmic,A,15,HUT,zero,0
714,vulmic,B,15,HUT,,3
715,vulmic,A,15,HUT,,9
716,vulmic,B,15,HUT,,2
717,vulmic,A,15,HUT,,9
718,vulmic,B,15,HUT,zero,0
719,vulmic,A,15,HUT,missing,
720,vulmic,B,15,HUT,zero,0
721,vulmic,A,15,HUT,zero,0
722,vulmic,B,15,HUT,zero,0
723,vulmic,A,15,HUT,zero,0
724,vulmic,B,15,HUT,,11
725,vulmic,A,15,HUT,,26
726,vulmic,B,15,HUT,zero,0
727,vulmic,A,15,HUT,missing,
728,vulmic,B,15,HUT,zero,
729,vulmic,A,15,HUT,,19
730,vulmic,B,15,HUT,zero,0
731,vulmic,A,15,HUT,zero,0
732,vulmic,B,15,HUT,,5
733,vulmic,A,15,HUT,no pipe,0
734,vulmic,B,15,HUT,,1
735,vulmic,A,15,HUT,zero,0
736,vulmic,B,15,HUT,zero,0
737,vulmic,A,15,HUT,missing,
738,vulmic,B,15,HUT,zero,0
739,vulmic,A,15,HUT,zero,0
740,vulmic,B,15,HUT,zero,0
741,vulmic,A,15,HUT,zero,0
742,vulmic,B,15,HUT,zero,0
743,vulmic,A,15,HUT,,6
744,vulmic,B,15,HUT,zero,0
745,vulmic,A,15,HUT,,49
746,vulmic,B,15,HUT,zero,0
747,vulmic,A,15,HUT,,44
748,vulmic,B,15,HUT,zero,0
749,vulmic,A,15,HUT,,10
750,vulmic,B,15,HUT,zero,0
651,vulmic,A,14,HUT,,14
652,vulmic,B,14,HUT,zero,0
653,vulmic,A,14,HUT,,63
654,vulmic,B,14,HUT,zero,0
655,vulmic,A,14,HUT,,9
656,vulmic,B,14,HUT,zero,0
657,vulmic,A,14,HUT,no pipe,41
658,vulmic,B,14,HUT,,1
659,vulmic,A,14,HUT,zero,0
660,vulmic,B,14,HUT,,4
661,vulmic,A,14,HUT,,28
662,vulmic,B,14,HUT,zero,0
663,vulmic,A,14,HUT,,3
664,vulmic,B,14,HUT,zero,0
665,vulmic,A,14,HUT,zero,0
666,vulmic,B,14,HUT,zero,0
667,vulmic,A,14,HUT,no pipe,0
668,vulmic,B,14,HUT,zero,0
669,vulmic,A,14,HUT,,1
670,vulmic,B,14,HUT,,2
671,vulmic,A,14,HUT,no pipe,0
672,vulmic,B,14,HUT,zero,0
673,vulmic,A,14,HUT,zero,0
674,vulmic,B,14,HUT,zero,0
675,vulmic,A,14,HUT,no pipe,0
676,vulmic,B,14,HUT,zero,0
677,vulmic,A,14,HUT,zero,0
678,vulmic,B,14,HUT,zero,0
679,vulmic,A,14,HUT,zero,0
680,vulmic,B,14,HUT,zero,0
681,vulmic,A,14,HUT,zero,0
682,vulmic,B,14,HUT,zero,0
683,vulmic,A,14,HUT,no pipe,4
684,vulmic,B,14,HUT,zero,0
685,vulmic,A,14,HUT,,18
686,vulmic,B,14,HUT,zero,0
687,vulmic,A,14,HUT,,82
688,vulmic,B,14,HUT,,22
689,vulmic,A,14,HUT,missing,
690,vulmic,B,14,HUT,zero,0
691,vulmic,A,14,HUT,,0
692,vulmic,B,14,HUT,,0
693,vulmic,A,14,HUT,no pipe,0
694,vulmic,B,14,HUT,,1
695,vulmic,A,14,HUT,no pipe,0
696,vulmic,B,14,HUT,zero,0
697,vulmic,A,14,HUT,missing,
698,vulmic,B,14,HUT,,0
699,vulmic,A,14,HUT,,1
700,vulmic,B,14,HUT,zero,0
601,vulmic,A,11,HUT,no pipe,0
602,vulmic,B,11,HUT,,1
603,vulmic,A,11,HUT,,9
604,vulmic,B,11,HUT,missing,
605,vulmic,A,11,HUT,,22
606,vulmic,B,11,HUT,zero,0
607,vulmic,A,11,HUT,zero,0
608,vulmic,B,11,HUT,,5
609,vulmic,A,11,HUT,no pipe,0
610,vulmic,B,11,HUT,zero,0
611,vulmic,A,11,HUT,,10
612,vulmic,B,11,HUT,zero,0
613,vulmic,A,11,HUT,no pipe,0
614,vulmic,B,11,HUT,zero,0
615,vulmic,A,11,HUT,zero,0
616,vulmic,B,11,HUT,zero,0
617,vulmic,A,11,HUT,no pipe,0
618,vulmic,B,11,HUT,zero,0
619,vulmic,A,11,HUT,zero,0
620,vulmic,B,11,HUT,,3
621,vulmic,A,11,HUT,,2
622,vulmic,B,11,HUT,,2
623,vulmic,A,11,HUT,zero,0
624,vulmic,B,11,HUT,zero,0
625,vulmic,A,11,HUT,,13
626,vulmic,B,11,HUT,zero,0
627,vulmic,A,11,HUT,,6
628,vulmic,B,11,HUT,zero,0
629,vulmic,A,11,HUT,zero,0
630,vulmic,B,11,HUT,,3
631,vulmic,A,11,HUT,,14
632,vulmic,B,11,HUT,zero,0
633,vulmic,A,11,HUT,no pipe,0
634,vulmic,B,11,HUT,zero,0
635,vulmic,A,11,HUT,missing,
636,vulmic,B,11,HUT,zero,0
637,vulmic,A,11,HUT,no pipe,13
638,vulmic,B,11,HUT,,6
639,vulmic,A,11,HUT,,9
640,vulmic,B,11,HUT,,2
641,vulmic,A,11,HUT,no pipe,0
642,vulmic,B,11,HUT,missing,
643,vulmic,A,11,HUT,no pipe,0
644,vulmic,B,11,HUT,zero,0
645,vulmic,A,11,HUT,missing,
646,vulmic,B,11,HUT,,3
647,vulmic,A,11,HUT,zero,0
648,vulmic,B,11,HUT,zero,0
649,vulmic,A,11,HUT,no pipe,0
650,vulmic,B,11,HUT,zero,0
751,vulmic,A,22,KNOX,,18
752,vulmic,B,22,KNOX,zero,0
753,vulmic,A,22,KNOX,,22
754,vulmic,B,22,KNOX,zero,0
755,vulmic,A,22,KNOX,no pipe,0
756,vulmic,B,22,KNOX,zero,0
757,vulmic,A,22,KNOX,,15
758,vulmic,B,22,KNOX,zero,0
759,vulmic,A,22,KNOX,no pipe,17
760,vulmic,B,22,KNOX,,12
761,vulmic,A,22,KNOX,,14
762,vulmic,B,22,KNOX,zero,0
763,vulmic,A,22,KNOX,,13
764,vulmic,B,22,KNOX,zero,0
765,vulmic,A,22,KNOX,,16
766,vulmic,B,22,KNOX,zero,0
767,vulmic,A,22,KNOX,missing,
768,vulmic,B,22,KNOX,zero,0
769,vulmic,A,22,KNOX,,20
770,vulmic,B,22,KNOX,zero,0
771,vulmic,A,22,KNOX,,20
772,vulmic,B,22,KNOX,zero,0
773,vulmic,A,22,KNOX,,8
774,vulmic,B,22,KNOX,zero,0
775,vulmic,A,22,KNOX,missing,
776,vulmic,B,22,KNOX,zero,0
777,vulmic,A,22,KNOX,no pipe,0
778,vulmic,B,22,KNOX,zero,0
779,vulmic,A,22,KNOX,missing,
780,vulmic,B,22,KNOX,missing,
781,vulmic,A,22,KNOX,no pipe,0
782,vulmic,B,22,KNOX,zero,0
783,vulmic,A,22,KNOX,,6
784,vulmic,B,22,KNOX,zero,0
785,vulmic,A,22,KNOX,,13
786,vulmic,B,22,KNOX,zero,0
787,vulmic,A,22,KNOX,,14
788,vulmic,B,22,KNOX,zero,0
789,vulmic,A,22,KNOX,missing,
790,vulmic,B,22,KNOX,zero,0
791,vulmic,A,22,KNOX,,0
792,vulmic,B,22,KNOX,zero,0
793,vulmic,A,22,KNOX,,3
794,vulmic,B,22,KNOX,zero,0
795,vulmic,A,22,KNOX,,12
796,vulmic,B,22,KNOX,zero,0
797,vulmic,A,22,KNOX,missing,
798,vulmic,B,22,KNOX,missing,
799,vulmic,A,22,KNOX,zero,0
800,vulmic,B,22,KNOX,zero,0
801,vulmic,A,21,KNOX,,63
802,vulmic,B,21,KNOX,zero,0
803,vulmic,A,21,KNOX,,10
804,vulmic,B,21,KNOX,,3
805,vulmic,A,21,KNOX,,17
806,vulmic,B,21,KNOX,zero,0
807,vulmic,A,21,KNOX,,12
808,vulmic,B,21,KNOX,missing,
809,vulmic,A,21,KNOX,,37
810,vulmic,B,21,KNOX,zero,0
811,vulmic,A,21,KNOX,,20
812,vulmic,B,21,KNOX,zero,0
813,vulmic,A,21,KNOX,,29
814,vulmic,B,21,KNOX,,0
815,vulmic,A,21,KNOX,,53
816,vulmic,B,21,KNOX,zero,0
817,vulmic,A,21,KNOX,,9
818,vulmic,B,21,KNOX,,1
819,vulmic,A,21,KNOX,zero,0
820,vulmic,B,21,KNOX,zero,0
821,vulmic,A,21,KNOX,,11
822,vulmic,B,21,KNOX,zero,0
823,vulmic,A,21,KNOX,,47
824,vulmic,B,21,KNOX,zero,0
825,vulmic,A,21,KNOX,missing,
826,vulmic,B,21,KNOX,zero,0
827,vulmic,A,21,KNOX,zero,0
828,vulmic,B,21,KNOX,zero,0
829,vulmic,A,21,KNOX,,20
830,vulmic,B,21,KNOX,zero,0
831,vulmic,A,21,KNOX,zero,0
832,vulmic,B,21,KNOX,zero,0
833,vulmic,A,21,KNOX,zero,0
834,vulmic,B,21,KNOX,zero,0
835,vulmic,A,21,KNOX,,26
836,vulmic,B,21,KNOX,zero,0
837,vulmic,A,21,KNOX,no pipe,0
838,vulmic,B,21,KNOX,zero,0
839,vulmic,A,21,KNOX,,21
840,vulmic,B,21,KNOX,,4
841,vulmic,A,21,KNOX,herbivory,
842,vulmic,B,21,KNOX,zero,0
843,vulmic,A,21,KNOX,zero,0
844,vulmic,B,21,KNOX,,0
845,vulmic,A,21,KNOX,,41
846,vulmic,B,21,KNOX,zero,0
847,vulmic,A,21,KNOX,,14
848,vulmic,B,21,KNOX,zero,0
849,vulmic,A,21,KNOX,,14
850,vulmic,B,21,KNOX,zero,0
851,vulmic,A,25,KNOX,zero,0
852,vulmic,B,25,KNOX,,1
853,vulmic,A,25,KNOX,zero,0
854,vulmic,B,25,KNOX,,3
855,vulmic,A,25,KNOX,,28
856,vulmic,B,25,KNOX,zero,0
857,vulmic,A,25,KNOX,missing,
858,vulmic,B,25,KNOX,zero,0
859,vulmic,A,25,KNOX,,13
860,vulmic,B,25,KNOX,,3
861,vulmic,A,25,KNOX,zero,0
862,vulmic,B,25,KNOX,zero,0
863,vulmic,A,25,KNOX,,0
864,vulmic,B,25,KNOX,,4
865,vulmic,A,25,KNOX,missing,
866,vulmic,B,25,KNOX,,7
867,vulmic,A,25,KNOX,zero,0
868,vulmic,B,25,KNOX,zero,0
869,vulmic,A,25,KNOX,zero,0
870,vulmic,B,25,KNOX,zero,0
871,vulmic,A,25,KNOX,zero,0
872,vulmic,B,25,KNOX,zero,0
873,vulmic,A,25,KNOX,,3
874,vulmic,B,25,KNOX,zero,0
875,vulmic,A,25,KNOX,missing,
876,vulmic,B,25,KNOX,zero,0
877,vulmic,A,25,KNOX,zero,0
878,vulmic,B,25,KNOX,zero,0
879,vulmic,A,25,KNOX,zero,0
880,vulmic,B,25,KNOX,,4
881,vulmic,A,25,KNOX,no pipe,7
882,vulmic,B,25,KNOX,zero,0
883,vulmic,A,25,KNOX,missing,
884,vulmic,B,25,KNOX,missing,
885,vulmic,A,25,KNOX,missing,
886,vulmic,B,25,KNOX,zero,0
887,vulmic,A,25,KNOX,zero,0
888,vulmic,B,25,KNOX,zero,0
889,vulmic,A,25,KNOX,zero,0
890,vulmic,B,25,KNOX,,2
891,vulmic,A,25,KNOX,,3
892,vulmic,B,25,KNOX,zero,0
893,vulmic,A,25,KNOX,zero,0
894,vulmic,B,25,KNOX,zero,0
895,vulmic,A,25,KNOX,missing,
896,vulmic,B,25,KNOX,missing,
897,vulmic,A,25,KNOX,missing,
898,vulmic,B,25,KNOX,missing,
899,vulmic,A,25,KNOX,missing,
900,vulmic,B,25,KNOX,zero,0
501,vulmic,A,26,RES,,10
502,vulmic,B,26,RES,,2
503,vulmic,A,26,RES,missing,
504,vulmic,B,26,RES,,2
505,vulmic,A,26,RES,zero,0
506,vulmic,B,26,RES,missing,
507,vulmic,A,26,RES,zero,0
508,vulmic,B,26,RES,,1
509,vulmic,A,26,RES,zero,0
510,vulmic,B,26,RES,zero,0
511,vulmic,A,26,RES,,15
512,vulmic,B,26,RES,,14
513,vulmic,A,26,RES,,3
514,vulmic,B,26,RES,herbivory,
515,vulmic,A,26,RES,,12
516,vulmic,B,26,RES,zero,0
517,vulmic,A,26,RES,,3
518,vulmic,B,26,RES,,8
519,vulmic,A,26,RES,no fruit,0
520,vulmic,B,26,RES,,2
521,vulmic,A,26,RES,,8
522,vulmic,B,26,RES,zero,0
523,vulmic,A,26,RES,zero,0
524,vulmic,B,26,RES,zero,0
525,vulmic,A,26,RES,,10
526,vulmic,B,26,RES,zero,0
527,vulmic,A,26,RES,,2
528,vulmic,B,26,RES,,5
529,vulmic,A,26,RES,,9
530,vulmic,B,26,RES,zero,0
531,vulmic,A,26,RES,zero,0
532,vulmic,B,26,RES,zero,0
533,vulmic,A,26,RES,zero,0
534,vulmic,B,26,RES,,2
535,vulmic,A,26,RES,,2
536,vulmic,B,26,RES,,3
537,vulmic,A,26,RES,zero,0
538,vulmic,B,26,RES,zero,0
539,vulmic,A,26,RES,zero,0
540,vulmic,B,26,RES,zero,0
541,vulmic,A,26,RES,,1
542,vulmic,B,26,RES,,6
543,vulmic,A,26,RES,,1
544,vulmic,B,26,RES,,1
545,vulmic,A,26,RES,,3
546,vulmic,B,26,RES,zero,0
547,vulmic,A,26,RES,zero,0
548,vulmic,B,26,RES,zero,0
549,vulmic,A,26,RES,zero,0
550,vulmic,B,26,RES,,
901,vulmic,A,27,RES,,
902,vulmic,B,27,RES,,7
903,vulmic,A,27,RES,zero,0
904,vulmic,B,27,RES,missing,
905,vulmic,A,27,RES,,1
906,vulmic,B,27,RES,,1
907,vulmic,A,27,RES,zero,0
908,vulmic,B,27,RES,no fruit,0
909,vulmic,A,27,RES,no fruit,0
910,vulmic,B,27,RES,no fruit,0
911,vulmic,A,27,RES,no fruit,0
912,vulmic,B,27,RES,,0
913,vulmic,A,27,RES,zero,0
914,vulmic,B,27,RES,no fruit,0
915,vulmic,A,27,RES,no fruit,0
916,vulmic,B,27,RES,,1
917,vulmic,A,27,RES,zero,0
918,vulmic,B,27,RES,,3
919,vulmic,A,27,RES,,0
920,vulmic,B,27,RES,,1
921,vulmic,A,27,RES,zero,0
922,vulmic,B,27,RES,,3
923,vulmic,A,27,RES,zero,0
924,vulmic,B,27,RES,,1
925,vulmic,A,27,RES,zero,0
926,vulmic,B,27,RES,zero,0
927,vulmic,A,27,RES,,2
928,vulmic,B,27,RES,,2
929,vulmic,A,27,RES,,0
930,vulmic,B,27,RES,zero,0
931,vulmic,A,27,RES,no pipe,0
932,vulmic,B,27,RES,zero,0
933,vulmic,A,27,RES,no fruit,0
934,vulmic,B,27,RES,missing,
935,vulmic,A,27,RES,no fruit,0
936,vulmic,B,27,RES,,0
937,vulmic,A,27,RES,no pipe,0
938,vulmic,B,27,RES,zero,0
939,vulmic,A,27,RES,zero,0
940,vulmic,B,27,RES,,
941,vulmic,A,27,RES,no pipe,0
942,vulmic,B,27,RES,zero,0
943,vulmic,A,27,RES,,11
944,vulmic,B,27,RES,,4
945,vulmic,A,27,RES,zero,0
946,vulmic,B,27,RES,,2
947,vulmic,A,27,RES,zero,0
948,vulmic,B,27,RES,zero,0
949,vulmic,A,27,RES,,1
950,vulmic,B,27,RES,,1
951,vulmic,A,28,RES,zero,0
952,vulmic,B,28,RES,,3
953,vulmic,A,28,RES,zero,0
954,vulmic,B,28,RES,zero,0
955,vulmic,A,28,RES,zero,0
956,vulmic,B,28,RES,,4
957,vulmic,A,28,RES,zero,0
958,vulmic,B,28,RES,,2
959,vulmic,A,28,RES,,4
960,vulmic,B,28,RES,,0
961,vulmic,A,28,RES,,3
962,vulmic,B,28,RES,,2
963,vulmic,A,28,RES,,9
964,vulmic,B,28,RES,zero,0
965,vulmic,A,28,RES,zero,0
966,vulmic,B,28,RES,zero,0
967,vulmic,A,28,RES,no pipe,0
968,vulmic,B,28,RES,,1
969,vulmic,A,28,RES,,3
970,vulmic,B,28,RES,,2
971,vulmic,A,28,RES,zero,0
972,vulmic,B,28,RES,zero,0
973,vulmic,A,28,RES,no fruit,0
974,vulmic,B,28,RES,zero,0
975,vulmic,A,28,RES,,
976,vulmic,B,28,RES,zero,0
977,vulmic,A,28,RES,zero,0
978,vulmic,B,28,RES,no pipe,1
979,vulmic,A,28,RES,,4
980,vulmic,B,28,RES,zero,0
981,vulmic,A,28,RES,no pipe,0
982,vulmic,B,28,RES,zero,0
983,vulmic,A,28,RES,no pipe,0
984,vulmic,B,28,RES,,6
985,vulmic,A,28,RES,no pipe,0
986,vulmic,B,28,RES,no fruit,0
987,vulmic,A,28,RES,,0
988,vulmic,B,28,RES,,1
989,vulmic,A,28,RES,zero,0
990,vulmic,B,28,RES,zero,0
991,vulmic,A,28,RES,zero,0
992,vulmic,B,28,RES,,2
993,vulmic,A,28,RES,,8
994,vulmic,B,28,RES,,1
995,vulmic,A,28,RES,zero,0
996,vulmic,B,28,RES,zero,0
997,vulmic,A,28,RES,no fruit,0
998,vulmic,B,28,RES,zero,0
999,vulmic,A,28,RES,,1
1000,vulmic,B,28,RES,,4
